session_code,participant_id_in_session,participant_code,page_index,app_name,page_name,epoch_time_completed,round_number,timeout_happened,is_wait_page
gyk14m1i,1,lsj7kjnh,0,,InitializeParticipant,1756815754,1,0,0
gyk14m1i,2,yvqdqt0q,0,,InitializeParticipant,1756815758,1,0,0
gyk14m1i,3,880esy08,0,,InitializeParticipant,1756815986,1,0,0
gyk14m1i,3,880esy08,1,design_exp,Instructions_WelcomeScreen,1756816068,1,0,0
gyk14m1i,3,880esy08,11,design_exp,QuestionPage,1756816076,2,0,0
gyk14m1i,3,880esy08,19,design_exp,QuestionPage,1756816149,3,0,0
gyk14m1i,3,880esy08,27,design_exp,QuestionPage,1756816173,4,0,0
gyk14m1i,3,880esy08,35,design_exp,QuestionPage,1756816249,5,0,0
gyk14m1i,3,880esy08,43,design_exp,QuestionPage,1756816287,6,0,0
gyk14m1i,3,880esy08,51,design_exp,QuestionPage,1756816326,7,0,0
gyk14m1i,3,880esy08,59,design_exp,QuestionPage,1756816355,8,0,0
gyk14m1i,3,880esy08,67,design_exp,QuestionPage,1756816437,9,0,0
gyk14m1i,3,880esy08,75,design_exp,QuestionPage,1756816448,10,0,0
gyk14m1i,4,rmg49a8m,0,,InitializeParticipant,1756816500,1,0,0
gyk14m1i,5,o6gyd6vc,0,,InitializeParticipant,1756816506,1,0,0
gyk14m1i,3,880esy08,83,design_exp,QuestionPage,1756816509,11,0,0
gyk14m1i,4,rmg49a8m,1,design_exp,Instructions_WelcomeScreen,1756816536,1,0,0
gyk14m1i,3,880esy08,91,design_exp,QuestionPage,1756816587,12,0,0
gyk14m1i,3,880esy08,99,design_exp,QuestionPage,1756816602,13,0,0
gyk14m1i,3,880esy08,107,design_exp,QuestionPage,1756816638,14,0,0
gyk14m1i,3,880esy08,115,design_exp,QuestionPage,1756816662,15,0,0
gyk14m1i,4,rmg49a8m,11,design_exp,QuestionPage,1756816667,2,0,0
gyk14m1i,3,880esy08,123,design_exp,QuestionPage,1756816680,16,0,0
gyk14m1i,4,rmg49a8m,19,design_exp,QuestionPage,1756816681,3,0,0
gyk14m1i,3,880esy08,131,design_exp,QuestionPage,1756816699,17,0,0
gyk14m1i,4,rmg49a8m,27,design_exp,QuestionPage,1756816815,4,0,0
gyk14m1i,4,rmg49a8m,35,design_exp,QuestionPage,1756816877,5,0,0
gyk14m1i,4,rmg49a8m,43,design_exp,QuestionPage,1756816961,6,0,0
gyk14m1i,4,rmg49a8m,51,design_exp,QuestionPage,1756817030,7,0,0
gyk14m1i,4,rmg49a8m,59,design_exp,QuestionPage,1756817048,8,0,0
gyk14m1i,3,880esy08,139,design_exp,QuestionPage,1756817055,18,0,0
gyk14m1i,3,880esy08,147,design_exp,QuestionPage,1756817065,19,0,0
gyk14m1i,3,880esy08,155,design_exp,QuestionPage,1756817078,20,0,0
gyk14m1i,3,880esy08,163,design_exp,QuestionPage,1756817088,21,0,0
gyk14m1i,3,880esy08,171,design_exp,QuestionPage,1756817109,22,0,0
gyk14m1i,4,rmg49a8m,67,design_exp,QuestionPage,1756817110,9,0,0
gyk14m1i,3,880esy08,179,design_exp,QuestionPage,1756817137,23,0,0
gyk14m1i,3,880esy08,187,design_exp,QuestionPage,1756817145,24,0,0
gyk14m1i,3,880esy08,195,design_exp,QuestionPage,1756817155,25,0,0
gyk14m1i,4,rmg49a8m,75,design_exp,QuestionPage,1756817168,10,0,0
gyk14m1i,4,rmg49a8m,83,design_exp,QuestionPage,1756817241,11,0,0
gyk14m1i,4,rmg49a8m,91,design_exp,QuestionPage,1756817272,12,0,0
gyk14m1i,3,880esy08,203,design_exp,QuestionPage,1756817341,26,0,0
gyk14m1i,3,880esy08,211,design_exp,QuestionPage,1756817354,27,0,0
gyk14m1i,3,880esy08,220,design_exp,CognitiveLimitInvestmentPage,1756817421,28,0,0
gyk14m1i,3,880esy08,228,design_exp,CognitiveLimitInvestmentPage,1756817454,29,0,0
gyk14m1i,3,880esy08,236,design_exp,CognitiveLimitInvestmentPage,1756817477,30,0,0
gyk14m1i,4,rmg49a8m,99,design_exp,QuestionPage,1756817484,13,0,0
gyk14m1i,3,880esy08,244,design_exp,CognitiveLimitInvestmentPage,1756817520,31,0,0
gyk14m1i,3,880esy08,253,design_exp,CognitiveLimitBoxPage,1756817621,32,0,0
gyk14m1i,4,rmg49a8m,107,design_exp,QuestionPage,1756817634,14,0,0
gyk14m1i,4,rmg49a8m,115,design_exp,QuestionPage,1756817668,15,0,0
gyk14m1i,3,880esy08,262,design_exp,CognitiveLimitInsurancePage,1756817713,33,0,0
gyk14m1i,4,rmg49a8m,123,design_exp,QuestionPage,1756817736,16,0,0
gyk14m1i,4,rmg49a8m,131,design_exp,QuestionPage,1756817789,17,0,0
gyk14m1i,3,880esy08,271,design_exp,SurveyPage,1756817871,34,0,0
gyk14m1i,3,880esy08,279,design_exp,SurveyPage,1756817896,35,0,0
gyk14m1i,4,rmg49a8m,139,design_exp,QuestionPage,1756817918,18,0,0
gyk14m1i,4,rmg49a8m,147,design_exp,QuestionPage,1756817931,19,0,0
gyk14m1i,3,880esy08,287,design_exp,SurveyPage,1756817945,36,0,0
gyk14m1i,4,rmg49a8m,155,design_exp,QuestionPage,1756817979,20,0,0
gyk14m1i,4,rmg49a8m,163,design_exp,QuestionPage,1756817991,21,0,0
gyk14m1i,4,rmg49a8m,171,design_exp,QuestionPage,1756818001,22,0,0
gyk14m1i,4,rmg49a8m,179,design_exp,QuestionPage,1756818028,23,0,0
gyk14m1i,3,880esy08,295,design_exp,SurveyPage,1756818044,37,0,0
gyk14m1i,4,rmg49a8m,187,design_exp,QuestionPage,1756818045,24,0,0
gyk14m1i,3,880esy08,303,design_exp,SurveyPage,1756818065,38,0,0
gyk14m1i,3,880esy08,311,design_exp,SurveyPage,1756818088,39,0,0
gyk14m1i,3,880esy08,319,design_exp,SurveyPage,1756818159,40,0,0
gyk14m1i,4,rmg49a8m,195,design_exp,QuestionPage,1756818354,25,0,0
gyk14m1i,4,rmg49a8m,203,design_exp,QuestionPage,1756818374,26,0,0
gyk14m1i,4,rmg49a8m,211,design_exp,QuestionPage,1756818410,27,0,0
gyk14m1i,4,rmg49a8m,220,design_exp,CognitiveLimitInvestmentPage,1756818535,28,0,0
gyk14m1i,4,rmg49a8m,228,design_exp,CognitiveLimitInvestmentPage,1756818586,29,0,0
gyk14m1i,4,rmg49a8m,236,design_exp,CognitiveLimitInvestmentPage,1756818614,30,0,0
gyk14m1i,4,rmg49a8m,244,design_exp,CognitiveLimitInvestmentPage,1756818640,31,0,0
gyk14m1i,4,rmg49a8m,253,design_exp,CognitiveLimitBoxPage,1756818870,32,0,0
gyk14m1i,6,htfwqrok,0,,InitializeParticipant,1756819072,1,0,0
gyk14m1i,4,rmg49a8m,262,design_exp,CognitiveLimitInsurancePage,1756819101,33,0,0
gyk14m1i,4,rmg49a8m,271,design_exp,SurveyPage,1756819150,34,0,0
gyk14m1i,6,htfwqrok,1,design_exp,Instructions_WelcomeScreen,1756819176,1,0,0
gyk14m1i,4,rmg49a8m,279,design_exp,SurveyPage,1756819197,35,0,0
gyk14m1i,6,htfwqrok,11,design_exp,QuestionPage,1756819197,2,0,0
gyk14m1i,6,htfwqrok,19,design_exp,QuestionPage,1756819260,3,0,0
gyk14m1i,6,htfwqrok,27,design_exp,QuestionPage,1756819321,4,0,0
gyk14m1i,7,hntfyi76,0,,InitializeParticipant,1756819343,1,0,0
gyk14m1i,6,htfwqrok,35,design_exp,QuestionPage,1756819365,5,0,0
gyk14m1i,4,rmg49a8m,287,design_exp,SurveyPage,1756819402,36,0,0
gyk14m1i,7,hntfyi76,1,design_exp,Instructions_WelcomeScreen,1756819403,1,0,0
gyk14m1i,6,htfwqrok,43,design_exp,QuestionPage,1756819422,6,0,0
gyk14m1i,7,hntfyi76,11,design_exp,QuestionPage,1756819426,2,0,0
gyk14m1i,6,htfwqrok,51,design_exp,QuestionPage,1756819442,7,0,0
gyk14m1i,7,hntfyi76,19,design_exp,QuestionPage,1756819590,3,0,0
gyk14m1i,6,htfwqrok,59,design_exp,QuestionPage,1756819606,8,0,0
gyk14m1i,7,hntfyi76,27,design_exp,QuestionPage,1756819620,4,0,0
gyk14m1i,6,htfwqrok,67,design_exp,QuestionPage,1756819637,9,0,0
gyk14m1i,7,hntfyi76,35,design_exp,QuestionPage,1756819683,5,0,0
gyk14m1i,6,htfwqrok,75,design_exp,QuestionPage,1756819752,10,0,0
gyk14m1i,7,hntfyi76,43,design_exp,QuestionPage,1756819753,6,0,0
gyk14m1i,6,htfwqrok,83,design_exp,QuestionPage,1756819778,11,0,0
gyk14m1i,7,hntfyi76,51,design_exp,QuestionPage,1756819787,7,0,0
gyk14m1i,6,htfwqrok,91,design_exp,QuestionPage,1756819788,12,0,0
gyk14m1i,6,htfwqrok,99,design_exp,QuestionPage,1756819849,13,0,0
gyk14m1i,4,rmg49a8m,295,design_exp,SurveyPage,1756819862,37,0,0
gyk14m1i,6,htfwqrok,107,design_exp,QuestionPage,1756819866,14,0,0
gyk14m1i,6,htfwqrok,115,design_exp,QuestionPage,1756819923,15,0,0
gyk14m1i,7,hntfyi76,59,design_exp,QuestionPage,1756819928,8,0,0
gyk14m1i,4,rmg49a8m,303,design_exp,SurveyPage,1756819948,38,0,0
gyk14m1i,7,hntfyi76,67,design_exp,QuestionPage,1756819979,9,0,0
gyk14m1i,6,htfwqrok,123,design_exp,QuestionPage,1756819993,16,0,0
gyk14m1i,4,rmg49a8m,311,design_exp,SurveyPage,1756819994,39,0,0
gyk14m1i,6,htfwqrok,131,design_exp,QuestionPage,1756820035,17,0,0
gyk14m1i,6,htfwqrok,139,design_exp,QuestionPage,1756820068,18,0,0
gyk14m1i,4,rmg49a8m,319,design_exp,SurveyPage,1756820104,40,0,0
gyk14m1i,6,htfwqrok,147,design_exp,QuestionPage,1756820109,19,0,0
gyk14m1i,7,hntfyi76,75,design_exp,QuestionPage,1756820308,10,0,0
gyk14m1i,7,hntfyi76,83,design_exp,QuestionPage,1756820489,11,0,0
gyk14m1i,7,hntfyi76,91,design_exp,QuestionPage,1756820502,12,0,0
gyk14m1i,6,htfwqrok,155,design_exp,QuestionPage,1756820520,20,0,0
gyk14m1i,6,htfwqrok,163,design_exp,QuestionPage,1756820548,21,0,0
gyk14m1i,6,htfwqrok,171,design_exp,QuestionPage,1756820595,22,0,0
gyk14m1i,7,hntfyi76,99,design_exp,QuestionPage,1756820610,13,0,0
gyk14m1i,6,htfwqrok,179,design_exp,QuestionPage,1756820617,23,0,0
gyk14m1i,7,hntfyi76,107,design_exp,QuestionPage,1756820658,14,0,0
gyk14m1i,7,hntfyi76,115,design_exp,QuestionPage,1756820711,15,0,0
gyk14m1i,6,htfwqrok,187,design_exp,QuestionPage,1756820733,24,0,0
gyk14m1i,7,hntfyi76,123,design_exp,QuestionPage,1756820738,16,0,0
gyk14m1i,7,hntfyi76,131,design_exp,QuestionPage,1756820779,17,0,0
gyk14m1i,6,htfwqrok,195,design_exp,QuestionPage,1756820795,25,0,0
gyk14m1i,7,hntfyi76,139,design_exp,QuestionPage,1756820809,18,0,0
gyk14m1i,7,hntfyi76,147,design_exp,QuestionPage,1756820826,19,0,0
gyk14m1i,7,hntfyi76,155,design_exp,QuestionPage,1756820839,20,0,0
gyk14m1i,7,hntfyi76,163,design_exp,QuestionPage,1756820871,21,0,0
gyk14m1i,7,hntfyi76,171,design_exp,QuestionPage,1756820915,22,0,0
gyk14m1i,7,hntfyi76,179,design_exp,QuestionPage,1756820932,23,0,0
gyk14m1i,6,htfwqrok,203,design_exp,QuestionPage,1756820934,26,0,0
gyk14m1i,7,hntfyi76,187,design_exp,QuestionPage,1756820942,24,0,0
gyk14m1i,6,htfwqrok,211,design_exp,QuestionPage,1756820978,27,0,0
gyk14m1i,7,hntfyi76,195,design_exp,QuestionPage,1756821006,25,0,0
gyk14m1i,7,hntfyi76,203,design_exp,QuestionPage,1756821053,26,0,0
gyk14m1i,6,htfwqrok,220,design_exp,CognitiveLimitInvestmentPage,1756821069,28,0,0
gyk14m1i,6,htfwqrok,228,design_exp,CognitiveLimitInvestmentPage,1756821104,29,0,0
gyk14m1i,6,htfwqrok,236,design_exp,CognitiveLimitInvestmentPage,1756821127,30,0,0
gyk14m1i,8,15r83e94,0,,InitializeParticipant,1756821144,1,0,0
gyk14m1i,6,htfwqrok,244,design_exp,CognitiveLimitInvestmentPage,1756821150,31,0,0
gyk14m1i,6,htfwqrok,253,design_exp,CognitiveLimitBoxPage,1756821339,32,0,0
gyk14m1i,6,htfwqrok,262,design_exp,CognitiveLimitInsurancePage,1756821410,33,0,0
gyk14m1i,7,hntfyi76,211,design_exp,QuestionPage,1756821450,27,0,0
gyk14m1i,6,htfwqrok,271,design_exp,SurveyPage,1756821494,34,0,0
gyk14m1i,6,htfwqrok,279,design_exp,SurveyPage,1756821537,35,0,0
gyk14m1i,7,hntfyi76,220,design_exp,CognitiveLimitInvestmentPage,1756821565,28,0,0
gyk14m1i,7,hntfyi76,228,design_exp,CognitiveLimitInvestmentPage,1756821593,29,0,0
gyk14m1i,7,hntfyi76,236,design_exp,CognitiveLimitInvestmentPage,1756821620,30,0,0
gyk14m1i,6,htfwqrok,287,design_exp,SurveyPage,1756821630,36,0,0
gyk14m1i,7,hntfyi76,244,design_exp,CognitiveLimitInvestmentPage,1756821636,31,0,0
gyk14m1i,7,hntfyi76,253,design_exp,CognitiveLimitBoxPage,1756821760,32,0,0
gyk14m1i,6,htfwqrok,295,design_exp,SurveyPage,1756821818,37,0,0
gyk14m1i,7,hntfyi76,262,design_exp,CognitiveLimitInsurancePage,1756821841,33,0,0
gyk14m1i,6,htfwqrok,303,design_exp,SurveyPage,1756821870,38,0,0
gyk14m1i,7,hntfyi76,271,design_exp,SurveyPage,1756821882,34,0,0
gyk14m1i,7,hntfyi76,279,design_exp,SurveyPage,1756821916,35,0,0
gyk14m1i,6,htfwqrok,311,design_exp,SurveyPage,1756821926,39,0,0
gyk14m1i,7,hntfyi76,287,design_exp,SurveyPage,1756822009,36,0,0
gyk14m1i,6,htfwqrok,319,design_exp,SurveyPage,1756822016,40,0,0
gyk14m1i,7,hntfyi76,295,design_exp,SurveyPage,1756822142,37,0,0
gyk14m1i,7,hntfyi76,303,design_exp,SurveyPage,1756822172,38,0,0
gyk14m1i,7,hntfyi76,311,design_exp,SurveyPage,1756822203,39,0,0
gyk14m1i,7,hntfyi76,319,design_exp,SurveyPage,1756822340,40,0,0
gyk14m1i,9,qx5bv7xh,0,,InitializeParticipant,1756824174,1,0,0
gyk14m1i,9,qx5bv7xh,1,design_exp,Instructions_WelcomeScreen,1756824197,1,0,0
gyk14m1i,9,qx5bv7xh,11,design_exp,QuestionPage,1756824201,2,0,0
gyk14m1i,9,qx5bv7xh,19,design_exp,QuestionPage,1756824204,3,0,0
gyk14m1i,9,qx5bv7xh,27,design_exp,QuestionPage,1756824206,4,0,0
gyk14m1i,9,qx5bv7xh,35,design_exp,QuestionPage,1756824209,5,0,0
gyk14m1i,9,qx5bv7xh,43,design_exp,QuestionPage,1756824211,6,0,0
gyk14m1i,9,qx5bv7xh,51,design_exp,QuestionPage,1756824217,7,0,0
gyk14m1i,9,qx5bv7xh,59,design_exp,QuestionPage,1756824221,8,0,0
gyk14m1i,9,qx5bv7xh,67,design_exp,QuestionPage,1756824231,9,0,0
gyk14m1i,9,qx5bv7xh,75,design_exp,QuestionPage,1756824233,10,0,0
gyk14m1i,9,qx5bv7xh,83,design_exp,QuestionPage,1756824235,11,0,0
gyk14m1i,9,qx5bv7xh,91,design_exp,QuestionPage,1756824239,12,0,0
gyk14m1i,9,qx5bv7xh,99,design_exp,QuestionPage,1756824286,13,0,0
gyk14m1i,9,qx5bv7xh,107,design_exp,QuestionPage,1756824288,14,0,0
gyk14m1i,9,qx5bv7xh,115,design_exp,QuestionPage,1756824304,15,0,0
gyk14m1i,9,qx5bv7xh,123,design_exp,QuestionPage,1756824309,16,0,0
gyk14m1i,9,qx5bv7xh,131,design_exp,QuestionPage,1756824318,17,0,0
gyk14m1i,9,qx5bv7xh,139,design_exp,QuestionPage,1756824320,18,0,0
gyk14m1i,9,qx5bv7xh,147,design_exp,QuestionPage,1756824321,19,0,0
gyk14m1i,9,qx5bv7xh,155,design_exp,QuestionPage,1756824324,20,0,0
gyk14m1i,9,qx5bv7xh,163,design_exp,QuestionPage,1756824327,21,0,0
gyk14m1i,9,qx5bv7xh,171,design_exp,QuestionPage,1756824334,22,0,0
gyk14m1i,9,qx5bv7xh,179,design_exp,QuestionPage,1756824338,23,0,0
gyk14m1i,9,qx5bv7xh,187,design_exp,QuestionPage,1756824341,24,0,0
gyk14m1i,9,qx5bv7xh,195,design_exp,QuestionPage,1756824348,25,0,0
gyk14m1i,9,qx5bv7xh,203,design_exp,QuestionPage,1756824352,26,0,0
gyk14m1i,9,qx5bv7xh,211,design_exp,QuestionPage,1756824354,27,0,0
gyk14m1i,9,qx5bv7xh,220,design_exp,CognitiveLimitInvestmentPage,1756824360,28,0,0
gyk14m1i,9,qx5bv7xh,228,design_exp,CognitiveLimitInvestmentPage,1756824366,29,0,0
gyk14m1i,9,qx5bv7xh,236,design_exp,CognitiveLimitInvestmentPage,1756824372,30,0,0
gyk14m1i,9,qx5bv7xh,244,design_exp,CognitiveLimitInvestmentPage,1756824379,31,0,0
gyk14m1i,9,qx5bv7xh,253,design_exp,CognitiveLimitBoxPage,1756824410,32,0,0
gyk14m1i,9,qx5bv7xh,262,design_exp,CognitiveLimitInsurancePage,1756824413,33,0,0
gyk14m1i,9,qx5bv7xh,271,design_exp,SurveyPage,1756824446,34,0,0
gyk14m1i,9,qx5bv7xh,279,design_exp,SurveyPage,1756824453,35,0,0
gyk14m1i,9,qx5bv7xh,287,design_exp,SurveyPage,1756824466,36,0,0
gyk14m1i,9,qx5bv7xh,295,design_exp,SurveyPage,1756824476,37,0,0
gyk14m1i,9,qx5bv7xh,303,design_exp,SurveyPage,1756824485,38,0,0
gyk14m1i,9,qx5bv7xh,311,design_exp,SurveyPage,1756824492,39,0,0
gyk14m1i,9,qx5bv7xh,319,design_exp,SurveyPage,1756824503,40,0,0
gyk14m1i,10,flw8y0n3,0,,InitializeParticipant,1756843226,1,0,0
gyk14m1i,11,tx5v1xiz,0,,InitializeParticipant,1756848703,1,0,0
gyk14m1i,12,7srput6t,0,,InitializeParticipant,1756848707,1,0,0
gyk14m1i,11,tx5v1xiz,1,design_exp,Instructions_WelcomeScreen,1756848764,1,0,0
gyk14m1i,11,tx5v1xiz,11,design_exp,QuestionPage,1756848802,2,0,0
gyk14m1i,11,tx5v1xiz,19,design_exp,QuestionPage,1756848847,3,0,0
gyk14m1i,11,tx5v1xiz,27,design_exp,QuestionPage,1756848908,4,0,0
gyk14m1i,11,tx5v1xiz,35,design_exp,QuestionPage,1756849123,5,0,0
gyk14m1i,11,tx5v1xiz,43,design_exp,QuestionPage,1756849143,6,0,0
gyk14m1i,11,tx5v1xiz,51,design_exp,QuestionPage,1756849308,7,0,0
gyk14m1i,11,tx5v1xiz,59,design_exp,QuestionPage,1756849327,8,0,0
gyk14m1i,11,tx5v1xiz,67,design_exp,QuestionPage,1756849354,9,0,0
gyk14m1i,11,tx5v1xiz,75,design_exp,QuestionPage,1756849378,10,0,0
gyk14m1i,11,tx5v1xiz,83,design_exp,QuestionPage,1756849473,11,0,0
gyk14m1i,11,tx5v1xiz,91,design_exp,QuestionPage,1756849493,12,0,0
gyk14m1i,11,tx5v1xiz,99,design_exp,QuestionPage,1756849501,13,0,0
gyk14m1i,11,tx5v1xiz,107,design_exp,QuestionPage,1756849516,14,0,0
gyk14m1i,11,tx5v1xiz,115,design_exp,QuestionPage,1756849555,15,0,0
gyk14m1i,11,tx5v1xiz,123,design_exp,QuestionPage,1756849599,16,0,0
gyk14m1i,11,tx5v1xiz,131,design_exp,QuestionPage,1756849613,17,0,0
gyk14m1i,11,tx5v1xiz,139,design_exp,QuestionPage,1756849998,18,0,0
gyk14m1i,11,tx5v1xiz,147,design_exp,QuestionPage,1756850019,19,0,0
gyk14m1i,11,tx5v1xiz,155,design_exp,QuestionPage,1756850035,20,0,0
gyk14m1i,11,tx5v1xiz,163,design_exp,QuestionPage,1756850182,21,0,0
gyk14m1i,11,tx5v1xiz,171,design_exp,QuestionPage,1756850199,22,0,0
gyk14m1i,11,tx5v1xiz,179,design_exp,QuestionPage,1756850218,23,0,0
gyk14m1i,11,tx5v1xiz,187,design_exp,QuestionPage,1756850308,24,0,0
gyk14m1i,11,tx5v1xiz,195,design_exp,QuestionPage,1756850368,25,0,0
gyk14m1i,11,tx5v1xiz,203,design_exp,QuestionPage,1756850379,26,0,0
gyk14m1i,11,tx5v1xiz,211,design_exp,QuestionPage,1756850387,27,0,0
gyk14m1i,11,tx5v1xiz,220,design_exp,CognitiveLimitInvestmentPage,1756850503,28,0,0
gyk14m1i,11,tx5v1xiz,228,design_exp,CognitiveLimitInvestmentPage,1756851060,29,0,0
gyk14m1i,11,tx5v1xiz,236,design_exp,CognitiveLimitInvestmentPage,1756851116,30,0,0
gyk14m1i,11,tx5v1xiz,244,design_exp,CognitiveLimitInvestmentPage,1756851138,31,0,0
gyk14m1i,11,tx5v1xiz,253,design_exp,CognitiveLimitBoxPage,1756851271,32,0,0
gyk14m1i,11,tx5v1xiz,262,design_exp,CognitiveLimitInsurancePage,1756851438,33,0,0
gyk14m1i,11,tx5v1xiz,271,design_exp,SurveyPage,1756851615,34,0,0
gyk14m1i,11,tx5v1xiz,279,design_exp,SurveyPage,1756851645,35,0,0
gyk14m1i,11,tx5v1xiz,287,design_exp,SurveyPage,1756851712,36,0,0
gyk14m1i,11,tx5v1xiz,295,design_exp,SurveyPage,1756852187,37,0,0
gyk14m1i,11,tx5v1xiz,303,design_exp,SurveyPage,1756852223,38,0,0
gyk14m1i,11,tx5v1xiz,311,design_exp,SurveyPage,1756852245,39,0,0
gyk14m1i,11,tx5v1xiz,319,design_exp,SurveyPage,1756852624,40,0,0
gyk14m1i,13,m907b4t5,0,,InitializeParticipant,1756892480,1,0,0
gyk14m1i,13,m907b4t5,1,design_exp,Instructions_WelcomeScreen,1756894467,1,0,0
gyk14m1i,13,m907b4t5,11,design_exp,QuestionPage,1756894610,2,0,0
gyk14m1i,13,m907b4t5,19,design_exp,QuestionPage,1756894633,3,0,0
gyk14m1i,13,m907b4t5,27,design_exp,QuestionPage,1756894644,4,0,0
gyk14m1i,13,m907b4t5,35,design_exp,QuestionPage,1756894663,5,0,0
gyk14m1i,13,m907b4t5,43,design_exp,QuestionPage,1756894731,6,0,0
gyk14m1i,13,m907b4t5,51,design_exp,QuestionPage,1756894777,7,0,0
gyk14m1i,14,gdgqkir9,0,,InitializeParticipant,1756894822,1,0,0
gyk14m1i,15,unl3kpng,0,,InitializeParticipant,1756894825,1,0,0
gyk14m1i,13,m907b4t5,59,design_exp,QuestionPage,1756894838,8,0,0
gyk14m1i,13,m907b4t5,67,design_exp,QuestionPage,1756894868,9,0,0
gyk14m1i,15,unl3kpng,1,design_exp,Instructions_WelcomeScreen,1756894904,1,0,0
gyk14m1i,13,m907b4t5,75,design_exp,QuestionPage,1756894919,10,0,0
gyk14m1i,15,unl3kpng,11,design_exp,QuestionPage,1756894922,2,0,0
gyk14m1i,13,m907b4t5,83,design_exp,QuestionPage,1756894930,11,0,0
gyk14m1i,13,m907b4t5,91,design_exp,QuestionPage,1756894957,12,0,0
gyk14m1i,15,unl3kpng,19,design_exp,QuestionPage,1756894962,3,0,0
gyk14m1i,14,gdgqkir9,1,design_exp,Instructions_WelcomeScreen,1756894971,1,0,0
gyk14m1i,13,m907b4t5,99,design_exp,QuestionPage,1756894975,13,0,0
gyk14m1i,13,m907b4t5,107,design_exp,QuestionPage,1756895002,14,0,0
gyk14m1i,13,m907b4t5,115,design_exp,QuestionPage,1756895067,15,0,0
gyk14m1i,14,gdgqkir9,11,design_exp,QuestionPage,1756895101,2,0,0
gyk14m1i,15,unl3kpng,27,design_exp,QuestionPage,1756895146,4,0,0
gyk14m1i,13,m907b4t5,123,design_exp,QuestionPage,1756895151,16,0,0
gyk14m1i,15,unl3kpng,35,design_exp,QuestionPage,1756895161,5,0,0
gyk14m1i,13,m907b4t5,131,design_exp,QuestionPage,1756895162,17,0,0
gyk14m1i,13,m907b4t5,139,design_exp,QuestionPage,1756895170,18,0,0
gyk14m1i,13,m907b4t5,147,design_exp,QuestionPage,1756895180,19,0,0
gyk14m1i,16,hhepw26g,0,,InitializeParticipant,1756895188,1,0,0
gyk14m1i,13,m907b4t5,155,design_exp,QuestionPage,1756895210,20,0,0
gyk14m1i,15,unl3kpng,43,design_exp,QuestionPage,1756895241,6,0,0
gyk14m1i,16,hhepw26g,1,design_exp,Instructions_WelcomeScreen,1756895245,1,0,0
gyk14m1i,15,unl3kpng,51,design_exp,QuestionPage,1756895266,7,0,0
gyk14m1i,15,unl3kpng,59,design_exp,QuestionPage,1756895279,8,0,0
gyk14m1i,15,unl3kpng,67,design_exp,QuestionPage,1756895299,9,0,0
gyk14m1i,15,unl3kpng,75,design_exp,QuestionPage,1756895316,10,0,0
gyk14m1i,15,unl3kpng,83,design_exp,QuestionPage,1756895329,11,0,0
gyk14m1i,16,hhepw26g,11,design_exp,QuestionPage,1756895499,2,0,0
gyk14m1i,14,gdgqkir9,19,design_exp,QuestionPage,1756895521,3,0,0
gyk14m1i,14,gdgqkir9,27,design_exp,QuestionPage,1756895593,4,0,0
gyk14m1i,16,hhepw26g,19,design_exp,QuestionPage,1756895593,3,0,0
gyk14m1i,16,hhepw26g,27,design_exp,QuestionPage,1756895622,4,0,0
gyk14m1i,16,hhepw26g,35,design_exp,QuestionPage,1756895669,5,0,0
gyk14m1i,14,gdgqkir9,35,design_exp,QuestionPage,1756895679,5,0,0
gyk14m1i,16,hhepw26g,43,design_exp,QuestionPage,1756895705,6,0,0
gyk14m1i,14,gdgqkir9,43,design_exp,QuestionPage,1756895743,6,0,0
gyk14m1i,14,gdgqkir9,51,design_exp,QuestionPage,1756895788,7,0,0
gyk14m1i,13,m907b4t5,163,design_exp,QuestionPage,1756895791,21,0,0
gyk14m1i,13,m907b4t5,171,design_exp,QuestionPage,1756895804,22,0,0
gyk14m1i,13,m907b4t5,179,design_exp,QuestionPage,1756895813,23,0,0
gyk14m1i,13,m907b4t5,187,design_exp,QuestionPage,1756895841,24,0,0
gyk14m1i,13,m907b4t5,195,design_exp,QuestionPage,1756895905,25,0,0
gyk14m1i,13,m907b4t5,203,design_exp,QuestionPage,1756895915,26,0,0
gyk14m1i,14,gdgqkir9,59,design_exp,QuestionPage,1756895927,8,0,0
gyk14m1i,13,m907b4t5,211,design_exp,QuestionPage,1756895937,27,0,0
gyk14m1i,15,unl3kpng,91,design_exp,QuestionPage,1756896001,12,0,0
gyk14m1i,13,m907b4t5,220,design_exp,CognitiveLimitInvestmentPage,1756896035,28,0,0
gyk14m1i,13,m907b4t5,228,design_exp,CognitiveLimitInvestmentPage,1756896081,29,0,0
gyk14m1i,15,unl3kpng,99,design_exp,QuestionPage,1756896084,13,0,0
gyk14m1i,13,m907b4t5,236,design_exp,CognitiveLimitInvestmentPage,1756896117,30,0,0
gyk14m1i,15,unl3kpng,107,design_exp,QuestionPage,1756896123,14,0,0
gyk14m1i,14,gdgqkir9,67,design_exp,QuestionPage,1756896126,9,0,0
gyk14m1i,15,unl3kpng,115,design_exp,QuestionPage,1756896138,15,0,0
gyk14m1i,15,unl3kpng,123,design_exp,QuestionPage,1756896153,16,0,0
gyk14m1i,14,gdgqkir9,75,design_exp,QuestionPage,1756896163,10,0,0
gyk14m1i,13,m907b4t5,244,design_exp,CognitiveLimitInvestmentPage,1756896168,31,0,0
gyk14m1i,16,hhepw26g,51,design_exp,QuestionPage,1756896281,7,0,0
gyk14m1i,16,hhepw26g,59,design_exp,QuestionPage,1756896290,8,0,0
gyk14m1i,16,hhepw26g,67,design_exp,QuestionPage,1756896301,9,0,0
gyk14m1i,17,l50c485o,0,,InitializeParticipant,1756896317,1,0,0
gyk14m1i,13,m907b4t5,253,design_exp,CognitiveLimitBoxPage,1756896398,32,0,0
gyk14m1i,13,m907b4t5,262,design_exp,CognitiveLimitInsurancePage,1756896456,33,0,0
gyk14m1i,15,unl3kpng,131,design_exp,QuestionPage,1756896505,17,0,0
gyk14m1i,15,unl3kpng,139,design_exp,QuestionPage,1756896542,18,0,0
gyk14m1i,14,gdgqkir9,83,design_exp,QuestionPage,1756896556,11,0,0
gyk14m1i,14,gdgqkir9,91,design_exp,QuestionPage,1756896589,12,0,0
gyk14m1i,13,m907b4t5,271,design_exp,SurveyPage,1756896591,34,0,0
gyk14m1i,13,m907b4t5,279,design_exp,SurveyPage,1756896611,35,0,0
gyk14m1i,14,gdgqkir9,99,design_exp,QuestionPage,1756896632,13,0,0
gyk14m1i,15,unl3kpng,147,design_exp,QuestionPage,1756896633,19,0,0
gyk14m1i,15,unl3kpng,155,design_exp,QuestionPage,1756896647,20,0,0
gyk14m1i,15,unl3kpng,163,design_exp,QuestionPage,1756896662,21,0,0
gyk14m1i,14,gdgqkir9,107,design_exp,QuestionPage,1756896668,14,0,0
gyk14m1i,13,m907b4t5,287,design_exp,SurveyPage,1756896668,36,0,0
gyk14m1i,16,hhepw26g,75,design_exp,QuestionPage,1756896669,10,0,0
gyk14m1i,14,gdgqkir9,115,design_exp,QuestionPage,1756896682,15,0,0
gyk14m1i,15,unl3kpng,171,design_exp,QuestionPage,1756896745,22,0,0
gyk14m1i,16,hhepw26g,83,design_exp,QuestionPage,1756896760,11,0,0
gyk14m1i,16,hhepw26g,91,design_exp,QuestionPage,1756896769,12,0,0
gyk14m1i,14,gdgqkir9,123,design_exp,QuestionPage,1756896789,16,0,0
gyk14m1i,13,m907b4t5,295,design_exp,SurveyPage,1756896789,37,0,0
gyk14m1i,16,hhepw26g,99,design_exp,QuestionPage,1756896794,13,0,0
gyk14m1i,13,m907b4t5,303,design_exp,SurveyPage,1756896845,38,0,0
gyk14m1i,14,gdgqkir9,131,design_exp,QuestionPage,1756896856,17,0,0
gyk14m1i,15,unl3kpng,179,design_exp,QuestionPage,1756896863,23,0,0
gyk14m1i,13,m907b4t5,311,design_exp,SurveyPage,1756896863,39,0,0
gyk14m1i,16,hhepw26g,107,design_exp,QuestionPage,1756896876,14,0,0
gyk14m1i,15,unl3kpng,187,design_exp,QuestionPage,1756896883,24,0,0
gyk14m1i,14,gdgqkir9,139,design_exp,QuestionPage,1756896899,18,0,0
gyk14m1i,15,unl3kpng,195,design_exp,QuestionPage,1756896922,25,0,0
gyk14m1i,13,m907b4t5,319,design_exp,SurveyPage,1756896977,40,0,0
gyk14m1i,14,gdgqkir9,147,design_exp,QuestionPage,1756897004,19,0,0
gyk14m1i,14,gdgqkir9,155,design_exp,QuestionPage,1756897153,20,0,0
gyk14m1i,16,hhepw26g,115,design_exp,QuestionPage,1756897185,15,0,0
gyk14m1i,15,unl3kpng,203,design_exp,QuestionPage,1756897198,26,0,0
gyk14m1i,15,unl3kpng,211,design_exp,QuestionPage,1756897233,27,0,0
gyk14m1i,14,gdgqkir9,163,design_exp,QuestionPage,1756897292,21,0,0
gyk14m1i,16,hhepw26g,123,design_exp,QuestionPage,1756897303,16,0,0
gyk14m1i,16,hhepw26g,131,design_exp,QuestionPage,1756897309,17,0,0
gyk14m1i,14,gdgqkir9,171,design_exp,QuestionPage,1756897311,22,0,0
gyk14m1i,16,hhepw26g,139,design_exp,QuestionPage,1756897319,18,0,0
gyk14m1i,14,gdgqkir9,179,design_exp,QuestionPage,1756897329,23,0,0
gyk14m1i,16,hhepw26g,147,design_exp,QuestionPage,1756897339,19,0,0
gyk14m1i,16,hhepw26g,155,design_exp,QuestionPage,1756897348,20,0,0
gyk14m1i,16,hhepw26g,163,design_exp,QuestionPage,1756897359,21,0,0
gyk14m1i,15,unl3kpng,220,design_exp,CognitiveLimitInvestmentPage,1756897367,28,0,0
gyk14m1i,16,hhepw26g,171,design_exp,QuestionPage,1756897420,22,0,0
gyk14m1i,15,unl3kpng,228,design_exp,CognitiveLimitInvestmentPage,1756897425,29,0,0
gyk14m1i,16,hhepw26g,179,design_exp,QuestionPage,1756897430,23,0,0
gyk14m1i,14,gdgqkir9,187,design_exp,QuestionPage,1756897438,24,0,0
gyk14m1i,16,hhepw26g,187,design_exp,QuestionPage,1756897438,24,0,0
gyk14m1i,15,unl3kpng,236,design_exp,CognitiveLimitInvestmentPage,1756897444,30,0,0
gyk14m1i,15,unl3kpng,244,design_exp,CognitiveLimitInvestmentPage,1756897463,31,0,0
gyk14m1i,16,hhepw26g,195,design_exp,QuestionPage,1756897515,25,0,0
gyk14m1i,16,hhepw26g,203,design_exp,QuestionPage,1756897518,26,0,0
gyk14m1i,16,hhepw26g,211,design_exp,QuestionPage,1756897542,27,0,0
gyk14m1i,15,unl3kpng,253,design_exp,CognitiveLimitBoxPage,1756897685,32,0,0
gyk14m1i,16,hhepw26g,220,design_exp,CognitiveLimitInvestmentPage,1756897727,28,0,0
gyk14m1i,15,unl3kpng,262,design_exp,CognitiveLimitInsurancePage,1756897734,33,0,0
gyk14m1i,16,hhepw26g,228,design_exp,CognitiveLimitInvestmentPage,1756897739,29,0,0
gyk14m1i,16,hhepw26g,236,design_exp,CognitiveLimitInvestmentPage,1756897757,30,0,0
gyk14m1i,16,hhepw26g,244,design_exp,CognitiveLimitInvestmentPage,1756897768,31,0,0
gyk14m1i,15,unl3kpng,271,design_exp,SurveyPage,1756897801,34,0,0
gyk14m1i,15,unl3kpng,279,design_exp,SurveyPage,1756897832,35,0,0
gyk14m1i,18,wpztj4zi,0,,InitializeParticipant,1756897854,1,0,0
gyk14m1i,18,wpztj4zi,1,design_exp,Instructions_WelcomeScreen,1756897896,1,0,0
gyk14m1i,18,wpztj4zi,11,design_exp,QuestionPage,1756897905,2,0,0
gyk14m1i,15,unl3kpng,287,design_exp,SurveyPage,1756897909,36,0,0
gyk14m1i,14,gdgqkir9,195,design_exp,QuestionPage,1756897910,25,0,0
gyk14m1i,14,gdgqkir9,203,design_exp,QuestionPage,1756897921,26,0,0
gyk14m1i,14,gdgqkir9,211,design_exp,QuestionPage,1756897934,27,0,0
gyk14m1i,18,wpztj4zi,19,design_exp,QuestionPage,1756897961,3,0,0
gyk14m1i,18,wpztj4zi,27,design_exp,QuestionPage,1756897981,4,0,0
gyk14m1i,18,wpztj4zi,35,design_exp,QuestionPage,1756898020,5,0,0
gyk14m1i,14,gdgqkir9,220,design_exp,CognitiveLimitInvestmentPage,1756898044,28,0,0
gyk14m1i,16,hhepw26g,253,design_exp,CognitiveLimitBoxPage,1756898061,32,0,0
gyk14m1i,14,gdgqkir9,228,design_exp,CognitiveLimitInvestmentPage,1756898073,29,0,0
gyk14m1i,14,gdgqkir9,236,design_exp,CognitiveLimitInvestmentPage,1756898089,30,0,0
gyk14m1i,15,unl3kpng,295,design_exp,SurveyPage,1756898091,37,0,0
gyk14m1i,16,hhepw26g,262,design_exp,CognitiveLimitInsurancePage,1756898098,33,0,0
gyk14m1i,14,gdgqkir9,244,design_exp,CognitiveLimitInvestmentPage,1756898113,31,0,0
gyk14m1i,15,unl3kpng,303,design_exp,SurveyPage,1756898115,38,0,0
gyk14m1i,15,unl3kpng,311,design_exp,SurveyPage,1756898134,39,0,0
gyk14m1i,16,hhepw26g,271,design_exp,SurveyPage,1756898237,34,0,0
gyk14m1i,16,hhepw26g,279,design_exp,SurveyPage,1756898255,35,0,0
gyk14m1i,15,unl3kpng,319,design_exp,SurveyPage,1756898272,40,0,0
gyk14m1i,16,hhepw26g,287,design_exp,SurveyPage,1756898378,36,0,0
gyk14m1i,14,gdgqkir9,253,design_exp,CognitiveLimitBoxPage,1756898487,32,0,0
gyk14m1i,16,hhepw26g,295,design_exp,SurveyPage,1756898508,37,0,0
gyk14m1i,16,hhepw26g,303,design_exp,SurveyPage,1756898529,38,0,0
gyk14m1i,14,gdgqkir9,262,design_exp,CognitiveLimitInsurancePage,1756898530,33,0,0
gyk14m1i,14,gdgqkir9,271,design_exp,SurveyPage,1756898579,34,0,0
gyk14m1i,16,hhepw26g,311,design_exp,SurveyPage,1756898582,39,0,0
gyk14m1i,14,gdgqkir9,279,design_exp,SurveyPage,1756898610,35,0,0
gyk14m1i,18,wpztj4zi,43,design_exp,QuestionPage,1756898624,6,0,0
gyk14m1i,18,wpztj4zi,51,design_exp,QuestionPage,1756898652,7,0,0
gyk14m1i,18,wpztj4zi,59,design_exp,QuestionPage,1756898664,8,0,0
gyk14m1i,16,hhepw26g,319,design_exp,SurveyPage,1756898700,40,0,0
gyk14m1i,14,gdgqkir9,287,design_exp,SurveyPage,1756898795,36,0,0
gyk14m1i,18,wpztj4zi,67,design_exp,QuestionPage,1756898839,9,0,0
gyk14m1i,18,wpztj4zi,75,design_exp,QuestionPage,1756898859,10,0,0
gyk14m1i,18,wpztj4zi,83,design_exp,QuestionPage,1756898880,11,0,0
gyk14m1i,14,gdgqkir9,295,design_exp,SurveyPage,1756898901,37,0,0
gyk14m1i,14,gdgqkir9,303,design_exp,SurveyPage,1756898921,38,0,0
gyk14m1i,18,wpztj4zi,91,design_exp,QuestionPage,1756898930,12,0,0
gyk14m1i,14,gdgqkir9,311,design_exp,SurveyPage,1756898947,39,0,0
gyk14m1i,18,wpztj4zi,99,design_exp,QuestionPage,1756898948,13,0,0
gyk14m1i,18,wpztj4zi,107,design_exp,QuestionPage,1756898973,14,0,0
gyk14m1i,18,wpztj4zi,115,design_exp,QuestionPage,1756898985,15,0,0
gyk14m1i,18,wpztj4zi,123,design_exp,QuestionPage,1756899001,16,0,0
gyk14m1i,18,wpztj4zi,131,design_exp,QuestionPage,1756899044,17,0,0
gyk14m1i,14,gdgqkir9,319,design_exp,SurveyPage,1756899049,40,0,0
gyk14m1i,18,wpztj4zi,139,design_exp,QuestionPage,1756899123,18,0,0
gyk14m1i,18,wpztj4zi,147,design_exp,QuestionPage,1756899150,19,0,0
gyk14m1i,18,wpztj4zi,155,design_exp,QuestionPage,1756899165,20,0,0
gyk14m1i,18,wpztj4zi,163,design_exp,QuestionPage,1756899305,21,0,0
gyk14m1i,18,wpztj4zi,171,design_exp,QuestionPage,1756899348,22,0,0
gyk14m1i,18,wpztj4zi,179,design_exp,QuestionPage,1756899385,23,0,0
gyk14m1i,18,wpztj4zi,187,design_exp,QuestionPage,1756899400,24,0,0
gyk14m1i,18,wpztj4zi,195,design_exp,QuestionPage,1756899432,25,0,0
gyk14m1i,18,wpztj4zi,203,design_exp,QuestionPage,1756899482,26,0,0
gyk14m1i,18,wpztj4zi,211,design_exp,QuestionPage,1756899504,27,0,0
gyk14m1i,18,wpztj4zi,220,design_exp,CognitiveLimitInvestmentPage,1756899589,28,0,0
gyk14m1i,18,wpztj4zi,228,design_exp,CognitiveLimitInvestmentPage,1756899612,29,0,0
gyk14m1i,18,wpztj4zi,236,design_exp,CognitiveLimitInvestmentPage,1756899625,30,0,0
gyk14m1i,18,wpztj4zi,244,design_exp,CognitiveLimitInvestmentPage,1756899640,31,0,0
gyk14m1i,18,wpztj4zi,253,design_exp,CognitiveLimitBoxPage,1756899772,32,0,0
gyk14m1i,18,wpztj4zi,262,design_exp,CognitiveLimitInsurancePage,1756899967,33,0,0
gyk14m1i,18,wpztj4zi,271,design_exp,SurveyPage,1756900101,34,0,0
gyk14m1i,18,wpztj4zi,279,design_exp,SurveyPage,1756900148,35,0,0
gyk14m1i,18,wpztj4zi,287,design_exp,SurveyPage,1756900242,36,0,0
gyk14m1i,18,wpztj4zi,295,design_exp,SurveyPage,1756900451,37,0,0
gyk14m1i,18,wpztj4zi,303,design_exp,SurveyPage,1756900496,38,0,0
gyk14m1i,18,wpztj4zi,311,design_exp,SurveyPage,1756900526,39,0,0
gyk14m1i,18,wpztj4zi,319,design_exp,SurveyPage,1756900628,40,0,0
gyk14m1i,19,cldxamwo,0,,InitializeParticipant,1756937322,1,0,0
gyk14m1i,20,9ipxlrii,0,,InitializeParticipant,1756968716,1,0,0
gyk14m1i,20,9ipxlrii,1,design_exp,Instructions_WelcomeScreen,1756968810,1,0,0
gyk14m1i,20,9ipxlrii,11,design_exp,QuestionPage,1756968827,2,0,0
gyk14m1i,20,9ipxlrii,19,design_exp,QuestionPage,1756968917,3,0,0
gyk14m1i,20,9ipxlrii,27,design_exp,QuestionPage,1756969012,4,0,0
gyk14m1i,20,9ipxlrii,35,design_exp,QuestionPage,1756969030,5,0,0
gyk14m1i,20,9ipxlrii,43,design_exp,QuestionPage,1756969120,6,0,0
gyk14m1i,20,9ipxlrii,51,design_exp,QuestionPage,1756969173,7,0,0
gyk14m1i,20,9ipxlrii,59,design_exp,QuestionPage,1756969215,8,0,0
gyk14m1i,20,9ipxlrii,67,design_exp,QuestionPage,1756969275,9,0,0
gyk14m1i,20,9ipxlrii,75,design_exp,QuestionPage,1756969296,10,0,0
gyk14m1i,20,9ipxlrii,83,design_exp,QuestionPage,1756969964,11,0,0
gyk14m1i,20,9ipxlrii,91,design_exp,QuestionPage,1756969988,12,0,0
gyk14m1i,20,9ipxlrii,99,design_exp,QuestionPage,1756970069,13,0,0
gyk14m1i,20,9ipxlrii,107,design_exp,QuestionPage,1756970193,14,0,0
gyk14m1i,20,9ipxlrii,115,design_exp,QuestionPage,1756970220,15,0,0
gyk14m1i,20,9ipxlrii,123,design_exp,QuestionPage,1756970406,16,0,0
gyk14m1i,20,9ipxlrii,131,design_exp,QuestionPage,1756970417,17,0,0
gyk14m1i,20,9ipxlrii,139,design_exp,QuestionPage,1756970462,18,0,0
gyk14m1i,20,9ipxlrii,147,design_exp,QuestionPage,1756970571,19,0,0
gyk14m1i,20,9ipxlrii,155,design_exp,QuestionPage,1756970587,20,0,0
gyk14m1i,20,9ipxlrii,163,design_exp,QuestionPage,1756970626,21,0,0
gyk14m1i,20,9ipxlrii,171,design_exp,QuestionPage,1756970690,22,0,0
gyk14m1i,20,9ipxlrii,179,design_exp,QuestionPage,1756970698,23,0,0
gyk14m1i,20,9ipxlrii,187,design_exp,QuestionPage,1756970744,24,0,0
gyk14m1i,20,9ipxlrii,195,design_exp,QuestionPage,1756970821,25,0,0
gyk14m1i,20,9ipxlrii,203,design_exp,QuestionPage,1756971033,26,0,0
gyk14m1i,20,9ipxlrii,211,design_exp,QuestionPage,1756971058,27,0,0
gyk14m1i,20,9ipxlrii,220,design_exp,CognitiveLimitInvestmentPage,1756971256,28,0,0
gyk14m1i,20,9ipxlrii,228,design_exp,CognitiveLimitInvestmentPage,1756971305,29,0,0
gyk14m1i,20,9ipxlrii,236,design_exp,CognitiveLimitInvestmentPage,1756971367,30,0,0
gyk14m1i,20,9ipxlrii,244,design_exp,CognitiveLimitInvestmentPage,1756971421,31,0,0
gyk14m1i,20,9ipxlrii,253,design_exp,CognitiveLimitBoxPage,1756971648,32,0,0
gyk14m1i,20,9ipxlrii,262,design_exp,CognitiveLimitInsurancePage,1756971733,33,0,0
gyk14m1i,20,9ipxlrii,271,design_exp,SurveyPage,1756971795,34,0,0
gyk14m1i,20,9ipxlrii,279,design_exp,SurveyPage,1756971819,35,0,0
gyk14m1i,20,9ipxlrii,287,design_exp,SurveyPage,1756971889,36,0,0
gyk14m1i,20,9ipxlrii,295,design_exp,SurveyPage,1756972074,37,0,0
gyk14m1i,20,9ipxlrii,303,design_exp,SurveyPage,1756972095,38,0,0
gyk14m1i,20,9ipxlrii,311,design_exp,SurveyPage,1756972119,39,0,0
gyk14m1i,20,9ipxlrii,319,design_exp,SurveyPage,1756972644,40,0,0
gyk14m1i,21,07824leb,0,,InitializeParticipant,1756973383,1,0,0
gyk14m1i,21,07824leb,1,design_exp,Instructions_WelcomeScreen,1756973474,1,0,0
gyk14m1i,21,07824leb,11,design_exp,QuestionPage,1756973545,2,0,0
gyk14m1i,21,07824leb,19,design_exp,QuestionPage,1756973653,3,0,0
gyk14m1i,21,07824leb,27,design_exp,QuestionPage,1756973701,4,0,0
gyk14m1i,21,07824leb,35,design_exp,QuestionPage,1756974324,5,0,0
gyk14m1i,21,07824leb,43,design_exp,QuestionPage,1756974354,6,0,0
gyk14m1i,21,07824leb,51,design_exp,QuestionPage,1756975194,7,0,0
gyk14m1i,21,07824leb,59,design_exp,QuestionPage,1756975260,8,0,0
gyk14m1i,21,07824leb,67,design_exp,QuestionPage,1756975280,9,0,0
gyk14m1i,21,07824leb,75,design_exp,QuestionPage,1756975380,10,0,0
gyk14m1i,22,n3b8gwlu,0,,InitializeParticipant,1756978447,1,0,0
gyk14m1i,22,n3b8gwlu,1,design_exp,Instructions_WelcomeScreen,1756979596,1,0,0
gyk14m1i,22,n3b8gwlu,11,design_exp,QuestionPage,1756979601,2,0,0
gyk14m1i,22,n3b8gwlu,19,design_exp,QuestionPage,1756979614,3,0,0
gyk14m1i,22,n3b8gwlu,27,design_exp,QuestionPage,1756979660,4,0,0
gyk14m1i,22,n3b8gwlu,35,design_exp,QuestionPage,1756979670,5,0,0
gyk14m1i,22,n3b8gwlu,43,design_exp,QuestionPage,1756979676,6,0,0
gyk14m1i,22,n3b8gwlu,51,design_exp,QuestionPage,1756979712,7,0,0
gyk14m1i,22,n3b8gwlu,59,design_exp,QuestionPage,1756979726,8,0,0
gyk14m1i,22,n3b8gwlu,67,design_exp,QuestionPage,1756980209,9,0,0
gyk14m1i,22,n3b8gwlu,75,design_exp,QuestionPage,1756980225,10,0,0
gyk14m1i,22,n3b8gwlu,83,design_exp,QuestionPage,1756980255,11,0,0
gyk14m1i,22,n3b8gwlu,91,design_exp,QuestionPage,1756980266,12,0,0
gyk14m1i,22,n3b8gwlu,99,design_exp,QuestionPage,1756980272,13,0,0
gyk14m1i,22,n3b8gwlu,107,design_exp,QuestionPage,1756980286,14,0,0
gyk14m1i,22,n3b8gwlu,115,design_exp,QuestionPage,1756980307,15,0,0
gyk14m1i,22,n3b8gwlu,123,design_exp,QuestionPage,1756980317,16,0,0
gyk14m1i,22,n3b8gwlu,131,design_exp,QuestionPage,1756980324,17,0,0
gyk14m1i,22,n3b8gwlu,139,design_exp,QuestionPage,1756980427,18,0,0
gyk14m1i,22,n3b8gwlu,147,design_exp,QuestionPage,1756980446,19,0,0
gyk14m1i,22,n3b8gwlu,155,design_exp,QuestionPage,1756980507,20,0,0
gyk14m1i,22,n3b8gwlu,163,design_exp,QuestionPage,1756980721,21,0,0
gyk14m1i,22,n3b8gwlu,171,design_exp,QuestionPage,1756980745,22,0,0
gyk14m1i,22,n3b8gwlu,179,design_exp,QuestionPage,1756980755,23,0,0
gyk14m1i,22,n3b8gwlu,187,design_exp,QuestionPage,1756980931,24,0,0
gyk14m1i,22,n3b8gwlu,195,design_exp,QuestionPage,1756980942,25,0,0
gyk14m1i,22,n3b8gwlu,203,design_exp,QuestionPage,1756981023,26,0,0
gyk14m1i,22,n3b8gwlu,211,design_exp,QuestionPage,1756981046,27,0,0
gyk14m1i,22,n3b8gwlu,220,design_exp,CognitiveLimitInvestmentPage,1756981080,28,0,0
gyk14m1i,22,n3b8gwlu,228,design_exp,CognitiveLimitInvestmentPage,1756981093,29,0,0
gyk14m1i,22,n3b8gwlu,236,design_exp,CognitiveLimitInvestmentPage,1756981106,30,0,0
gyk14m1i,22,n3b8gwlu,244,design_exp,CognitiveLimitInvestmentPage,1756981116,31,0,0
gyk14m1i,22,n3b8gwlu,253,design_exp,CognitiveLimitBoxPage,1756981216,32,0,0
gyk14m1i,22,n3b8gwlu,262,design_exp,CognitiveLimitInsurancePage,1756981238,33,0,0
gyk14m1i,23,bhm4rvvg,0,,InitializeParticipant,1756981576,1,0,0
gyk14m1i,22,n3b8gwlu,271,design_exp,SurveyPage,1756981581,34,0,0
gyk14m1i,23,bhm4rvvg,1,design_exp,Instructions_WelcomeScreen,1756981598,1,0,0
gyk14m1i,22,n3b8gwlu,279,design_exp,SurveyPage,1756981603,35,0,0
gyk14m1i,23,bhm4rvvg,11,design_exp,QuestionPage,1756981631,2,0,0
gyk14m1i,23,bhm4rvvg,19,design_exp,QuestionPage,1756981648,3,0,0
gyk14m1i,23,bhm4rvvg,27,design_exp,QuestionPage,1756981660,4,0,0
gyk14m1i,23,bhm4rvvg,35,design_exp,QuestionPage,1756981673,5,0,0
gyk14m1i,22,n3b8gwlu,287,design_exp,SurveyPage,1756981684,36,0,0
gyk14m1i,23,bhm4rvvg,43,design_exp,QuestionPage,1756981690,6,0,0
gyk14m1i,22,n3b8gwlu,295,design_exp,SurveyPage,1756981786,37,0,0
gyk14m1i,22,n3b8gwlu,303,design_exp,SurveyPage,1756981812,38,0,0
gyk14m1i,22,n3b8gwlu,311,design_exp,SurveyPage,1756981839,39,0,0
gyk14m1i,22,n3b8gwlu,319,design_exp,SurveyPage,1756981886,40,0,0
gyk14m1i,23,bhm4rvvg,51,design_exp,QuestionPage,1756982174,7,0,0
gyk14m1i,23,bhm4rvvg,59,design_exp,QuestionPage,1756982196,8,0,0
gyk14m1i,23,bhm4rvvg,67,design_exp,QuestionPage,1756982210,9,0,0
gyk14m1i,23,bhm4rvvg,75,design_exp,QuestionPage,1756982226,10,0,0
gyk14m1i,23,bhm4rvvg,83,design_exp,QuestionPage,1756982253,11,0,0
gyk14m1i,23,bhm4rvvg,91,design_exp,QuestionPage,1756982270,12,0,0
gyk14m1i,23,bhm4rvvg,99,design_exp,QuestionPage,1756982302,13,0,0
gyk14m1i,23,bhm4rvvg,107,design_exp,QuestionPage,1756982407,14,0,0
gyk14m1i,23,bhm4rvvg,115,design_exp,QuestionPage,1756982412,15,0,0
gyk14m1i,23,bhm4rvvg,123,design_exp,QuestionPage,1756982455,16,0,0
gyk14m1i,23,bhm4rvvg,131,design_exp,QuestionPage,1756982469,17,0,0
gyk14m1i,23,bhm4rvvg,139,design_exp,QuestionPage,1756982479,18,0,0
gyk14m1i,23,bhm4rvvg,147,design_exp,QuestionPage,1756982489,19,0,0
gyk14m1i,23,bhm4rvvg,155,design_exp,QuestionPage,1756982500,20,0,0
gyk14m1i,23,bhm4rvvg,163,design_exp,QuestionPage,1756982530,21,0,0
gyk14m1i,23,bhm4rvvg,171,design_exp,QuestionPage,1756982542,22,0,0
gyk14m1i,23,bhm4rvvg,179,design_exp,QuestionPage,1756982591,23,0,0
gyk14m1i,23,bhm4rvvg,187,design_exp,QuestionPage,1756984661,24,0,0
gyk14m1i,23,bhm4rvvg,195,design_exp,QuestionPage,1756984677,25,0,0
gyk14m1i,23,bhm4rvvg,203,design_exp,QuestionPage,1756984699,26,0,0
gyk14m1i,23,bhm4rvvg,211,design_exp,QuestionPage,1756984717,27,0,0
gyk14m1i,23,bhm4rvvg,220,design_exp,CognitiveLimitInvestmentPage,1756984770,28,0,0
gyk14m1i,23,bhm4rvvg,228,design_exp,CognitiveLimitInvestmentPage,1756984792,29,0,0
gyk14m1i,23,bhm4rvvg,236,design_exp,CognitiveLimitInvestmentPage,1756984804,30,0,0
gyk14m1i,23,bhm4rvvg,244,design_exp,CognitiveLimitInvestmentPage,1756984814,31,0,0
gyk14m1i,23,bhm4rvvg,253,design_exp,CognitiveLimitBoxPage,1756984927,32,0,0
gyk14m1i,23,bhm4rvvg,262,design_exp,CognitiveLimitInsurancePage,1756984951,33,0,0
gyk14m1i,23,bhm4rvvg,271,design_exp,SurveyPage,1756984979,34,0,0
gyk14m1i,23,bhm4rvvg,279,design_exp,SurveyPage,1756985002,35,0,0
gyk14m1i,23,bhm4rvvg,287,design_exp,SurveyPage,1756985036,36,0,0
gyk14m1i,23,bhm4rvvg,295,design_exp,SurveyPage,1756985163,37,0,0
gyk14m1i,23,bhm4rvvg,303,design_exp,SurveyPage,1756985185,38,0,0
gyk14m1i,23,bhm4rvvg,311,design_exp,SurveyPage,1756985205,39,0,0
gyk14m1i,23,bhm4rvvg,319,design_exp,SurveyPage,1756985261,40,0,0
gyk14m1i,21,07824leb,83,design_exp,QuestionPage,1756988315,11,0,0
gyk14m1i,21,07824leb,107,design_exp,QuestionPage,1756991209,14,0,0
gyk14m1i,21,07824leb,115,design_exp,QuestionPage,1756991234,15,0,0
gyk14m1i,21,07824leb,123,design_exp,QuestionPage,1756991921,16,0,0
gyk14m1i,21,07824leb,131,design_exp,QuestionPage,1756991930,17,0,0
gyk14m1i,21,07824leb,139,design_exp,QuestionPage,1756991998,18,0,0
gyk14m1i,21,07824leb,147,design_exp,QuestionPage,1756992055,19,0,0
gyk14m1i,21,07824leb,155,design_exp,QuestionPage,1756992153,20,0,0
gyk14m1i,21,07824leb,163,design_exp,QuestionPage,1756992261,21,0,0
gyk14m1i,21,07824leb,171,design_exp,QuestionPage,1756992315,22,0,0
gyk14m1i,21,07824leb,179,design_exp,QuestionPage,1756992332,23,0,0
gyk14m1i,21,07824leb,187,design_exp,QuestionPage,1756992398,24,0,0
gyk14m1i,21,07824leb,195,design_exp,QuestionPage,1756992431,25,0,0
gyk14m1i,21,07824leb,203,design_exp,QuestionPage,1756992545,26,0,0
gyk14m1i,21,07824leb,211,design_exp,QuestionPage,1756992644,27,0,0
gyk14m1i,21,07824leb,220,design_exp,CognitiveLimitInvestmentPage,1756993030,28,0,0
gyk14m1i,21,07824leb,228,design_exp,CognitiveLimitInvestmentPage,1756993953,29,0,0
gyk14m1i,21,07824leb,236,design_exp,CognitiveLimitInvestmentPage,1756994214,30,0,0
gyk14m1i,21,07824leb,244,design_exp,CognitiveLimitInvestmentPage,1756994416,31,0,0
gyk14m1i,21,07824leb,253,design_exp,CognitiveLimitBoxPage,1756994960,32,0,0
gyk14m1i,21,07824leb,262,design_exp,CognitiveLimitInsurancePage,1756995037,33,0,0
gyk14m1i,21,07824leb,271,design_exp,SurveyPage,1756995122,34,0,0
gyk14m1i,21,07824leb,279,design_exp,SurveyPage,1756995176,35,0,0
gyk14m1i,21,07824leb,287,design_exp,SurveyPage,1756995254,36,0,0
gyk14m1i,21,07824leb,295,design_exp,SurveyPage,1756995493,37,0,0
gyk14m1i,21,07824leb,303,design_exp,SurveyPage,1756995539,38,0,0
gyk14m1i,21,07824leb,311,design_exp,SurveyPage,1756995572,39,0,0
gyk14m1i,21,07824leb,319,design_exp,SurveyPage,1756995701,40,0,0
gyk14m1i,24,n3kwvniv,0,,InitializeParticipant,1756995765,1,0,0
gyk14m1i,25,cak5jts9,0,,InitializeParticipant,1756998413,1,0,0
gyk14m1i,25,cak5jts9,1,design_exp,Instructions_WelcomeScreen,1756998495,1,0,0
gyk14m1i,25,cak5jts9,11,design_exp,QuestionPage,1756999063,2,0,0
gyk14m1i,26,y2b9te04,0,,InitializeParticipant,1756999132,1,0,0
gyk14m1i,27,2trrz9pk,0,,InitializeParticipant,1756999143,1,0,0
gyk14m1i,25,cak5jts9,19,design_exp,QuestionPage,1756999183,3,0,0
gyk14m1i,25,cak5jts9,27,design_exp,QuestionPage,1756999218,4,0,0
gyk14m1i,25,cak5jts9,35,design_exp,QuestionPage,1757000409,5,0,0
gyk14m1i,25,cak5jts9,43,design_exp,QuestionPage,1757000616,6,0,0
gyk14m1i,25,cak5jts9,51,design_exp,QuestionPage,1757000629,7,0,0
gyk14m1i,25,cak5jts9,59,design_exp,QuestionPage,1757000702,8,0,0
gyk14m1i,25,cak5jts9,67,design_exp,QuestionPage,1757000819,9,0,0
gyk14m1i,25,cak5jts9,75,design_exp,QuestionPage,1757000945,10,0,0
gyk14m1i,25,cak5jts9,83,design_exp,QuestionPage,1757001012,11,0,0
gyk14m1i,25,cak5jts9,91,design_exp,QuestionPage,1757001050,12,0,0
gyk14m1i,25,cak5jts9,99,design_exp,QuestionPage,1757001161,13,0,0
gyk14m1i,25,cak5jts9,107,design_exp,QuestionPage,1757001182,14,0,0
gyk14m1i,25,cak5jts9,115,design_exp,QuestionPage,1757001222,15,0,0
gyk14m1i,25,cak5jts9,123,design_exp,QuestionPage,1757001267,16,0,0
gyk14m1i,25,cak5jts9,131,design_exp,QuestionPage,1757001419,17,0,0
gyk14m1i,25,cak5jts9,139,design_exp,QuestionPage,1757001480,18,0,0
gyk14m1i,25,cak5jts9,147,design_exp,QuestionPage,1757001709,19,0,0
gyk14m1i,25,cak5jts9,155,design_exp,QuestionPage,1757001859,20,0,0
gyk14m1i,25,cak5jts9,163,design_exp,QuestionPage,1757001877,21,0,0
gyk14m1i,25,cak5jts9,171,design_exp,QuestionPage,1757002112,22,0,0
gyk14m1i,25,cak5jts9,179,design_exp,QuestionPage,1757002180,23,0,0
gyk14m1i,25,cak5jts9,187,design_exp,QuestionPage,1757002291,24,0,0
gyk14m1i,25,cak5jts9,195,design_exp,QuestionPage,1757002513,25,0,0
gyk14m1i,25,cak5jts9,203,design_exp,QuestionPage,1757002623,26,0,0
gyk14m1i,25,cak5jts9,211,design_exp,QuestionPage,1757002653,27,0,0
gyk14m1i,25,cak5jts9,220,design_exp,CognitiveLimitInvestmentPage,1757002813,28,0,0
gyk14m1i,25,cak5jts9,228,design_exp,CognitiveLimitInvestmentPage,1757002858,29,0,0
gyk14m1i,25,cak5jts9,236,design_exp,CognitiveLimitInvestmentPage,1757002889,30,0,0
gyk14m1i,25,cak5jts9,244,design_exp,CognitiveLimitInvestmentPage,1757002937,31,0,0
gyk14m1i,25,cak5jts9,253,design_exp,CognitiveLimitBoxPage,1757003128,32,0,0
gyk14m1i,25,cak5jts9,262,design_exp,CognitiveLimitInsurancePage,1757003179,33,0,0
gyk14m1i,25,cak5jts9,271,design_exp,SurveyPage,1757003250,34,0,0
gyk14m1i,25,cak5jts9,279,design_exp,SurveyPage,1757003287,35,0,0
gyk14m1i,25,cak5jts9,287,design_exp,SurveyPage,1757003408,36,0,0
gyk14m1i,25,cak5jts9,295,design_exp,SurveyPage,1757003567,37,0,0
gyk14m1i,25,cak5jts9,303,design_exp,SurveyPage,1757003613,38,0,0
gyk14m1i,25,cak5jts9,311,design_exp,SurveyPage,1757003680,39,0,0
gyk14m1i,28,5pvtnrux,0,,InitializeParticipant,1757003853,1,0,0
gyk14m1i,28,5pvtnrux,1,design_exp,Instructions_WelcomeScreen,1757004238,1,0,0
gyk14m1i,28,5pvtnrux,11,design_exp,QuestionPage,1757004248,2,0,0
gyk14m1i,28,5pvtnrux,19,design_exp,QuestionPage,1757004299,3,0,0
gyk14m1i,28,5pvtnrux,27,design_exp,QuestionPage,1757004312,4,0,0
gyk14m1i,29,ibc1npjp,0,,InitializeParticipant,1757004332,1,0,0
gyk14m1i,28,5pvtnrux,35,design_exp,QuestionPage,1757004336,5,0,0
gyk14m1i,28,5pvtnrux,43,design_exp,QuestionPage,1757004373,6,0,0
gyk14m1i,29,ibc1npjp,1,design_exp,Instructions_WelcomeScreen,1757004411,1,0,0
gyk14m1i,29,ibc1npjp,11,design_exp,QuestionPage,1757004432,2,0,0
gyk14m1i,28,5pvtnrux,51,design_exp,QuestionPage,1757004495,7,0,0
gyk14m1i,28,5pvtnrux,59,design_exp,QuestionPage,1757004533,8,0,0
gyk14m1i,28,5pvtnrux,67,design_exp,QuestionPage,1757004619,9,0,0
gyk14m1i,28,5pvtnrux,75,design_exp,QuestionPage,1757004641,10,0,0
gyk14m1i,29,ibc1npjp,19,design_exp,QuestionPage,1757004646,3,0,0
gyk14m1i,28,5pvtnrux,83,design_exp,QuestionPage,1757004648,11,0,0
gyk14m1i,28,5pvtnrux,91,design_exp,QuestionPage,1757004658,12,0,0
gyk14m1i,29,ibc1npjp,27,design_exp,QuestionPage,1757004662,4,0,0
gyk14m1i,29,ibc1npjp,35,design_exp,QuestionPage,1757004686,5,0,0
gyk14m1i,28,5pvtnrux,99,design_exp,QuestionPage,1757004686,13,0,0
gyk14m1i,28,5pvtnrux,107,design_exp,QuestionPage,1757004700,14,0,0
gyk14m1i,28,5pvtnrux,115,design_exp,QuestionPage,1757004713,15,0,0
gyk14m1i,28,5pvtnrux,123,design_exp,QuestionPage,1757004730,16,0,0
gyk14m1i,29,ibc1npjp,43,design_exp,QuestionPage,1757004752,6,0,0
gyk14m1i,28,5pvtnrux,131,design_exp,QuestionPage,1757004770,17,0,0
gyk14m1i,29,ibc1npjp,51,design_exp,QuestionPage,1757004772,7,0,0
gyk14m1i,28,5pvtnrux,139,design_exp,QuestionPage,1757004778,18,0,0
gyk14m1i,29,ibc1npjp,59,design_exp,QuestionPage,1757004808,8,0,0
gyk14m1i,28,5pvtnrux,147,design_exp,QuestionPage,1757004819,19,0,0
gyk14m1i,29,ibc1npjp,67,design_exp,QuestionPage,1757005034,9,0,0
gyk14m1i,29,ibc1npjp,75,design_exp,QuestionPage,1757005061,10,0,0
gyk14m1i,28,5pvtnrux,155,design_exp,QuestionPage,1757005130,20,0,0
gyk14m1i,28,5pvtnrux,163,design_exp,QuestionPage,1757005141,21,0,0
gyk14m1i,28,5pvtnrux,171,design_exp,QuestionPage,1757005148,22,0,0
gyk14m1i,28,5pvtnrux,179,design_exp,QuestionPage,1757005155,23,0,0
gyk14m1i,28,5pvtnrux,187,design_exp,QuestionPage,1757005166,24,0,0
gyk14m1i,28,5pvtnrux,195,design_exp,QuestionPage,1757005175,25,0,0
gyk14m1i,29,ibc1npjp,83,design_exp,QuestionPage,1757005183,11,0,0
gyk14m1i,29,ibc1npjp,91,design_exp,QuestionPage,1757005229,12,0,0
gyk14m1i,28,5pvtnrux,203,design_exp,QuestionPage,1757005268,26,0,0
gyk14m1i,28,5pvtnrux,211,design_exp,QuestionPage,1757005312,27,0,0
gyk14m1i,28,5pvtnrux,220,design_exp,CognitiveLimitInvestmentPage,1757005338,28,0,0
gyk14m1i,28,5pvtnrux,228,design_exp,CognitiveLimitInvestmentPage,1757005361,29,0,0
gyk14m1i,28,5pvtnrux,236,design_exp,CognitiveLimitInvestmentPage,1757005380,30,0,0
gyk14m1i,28,5pvtnrux,244,design_exp,CognitiveLimitInvestmentPage,1757005409,31,0,0
gyk14m1i,28,5pvtnrux,253,design_exp,CognitiveLimitBoxPage,1757005485,32,0,0
gyk14m1i,28,5pvtnrux,262,design_exp,CognitiveLimitInsurancePage,1757005529,33,0,0
gyk14m1i,29,ibc1npjp,99,design_exp,QuestionPage,1757005535,13,0,0
gyk14m1i,28,5pvtnrux,271,design_exp,SurveyPage,1757005557,34,0,0
gyk14m1i,28,5pvtnrux,279,design_exp,SurveyPage,1757005579,35,0,0
gyk14m1i,29,ibc1npjp,107,design_exp,QuestionPage,1757005595,14,0,0
gyk14m1i,28,5pvtnrux,287,design_exp,SurveyPage,1757005618,36,0,0
gyk14m1i,29,ibc1npjp,115,design_exp,QuestionPage,1757005622,15,0,0
gyk14m1i,29,ibc1npjp,123,design_exp,QuestionPage,1757005633,16,0,0
gyk14m1i,29,ibc1npjp,131,design_exp,QuestionPage,1757005650,17,0,0
gyk14m1i,28,5pvtnrux,295,design_exp,SurveyPage,1757005656,37,0,0
gyk14m1i,29,ibc1npjp,139,design_exp,QuestionPage,1757005687,18,0,0
gyk14m1i,29,ibc1npjp,147,design_exp,QuestionPage,1757005735,19,0,0
gyk14m1i,29,ibc1npjp,155,design_exp,QuestionPage,1757005814,20,0,0
gyk14m1i,29,ibc1npjp,163,design_exp,QuestionPage,1757005845,21,0,0
gyk14m1i,29,ibc1npjp,171,design_exp,QuestionPage,1757005862,22,0,0
gyk14m1i,29,ibc1npjp,179,design_exp,QuestionPage,1757005873,23,0,0
gyk14m1i,28,5pvtnrux,303,design_exp,SurveyPage,1757005878,38,0,0
gyk14m1i,28,5pvtnrux,311,design_exp,SurveyPage,1757005897,39,0,0
gyk14m1i,29,ibc1npjp,187,design_exp,QuestionPage,1757005914,24,0,0
gyk14m1i,29,ibc1npjp,195,design_exp,QuestionPage,1757006000,25,0,0
gyk14m1i,29,ibc1npjp,203,design_exp,QuestionPage,1757006058,26,0,0
gyk14m1i,29,ibc1npjp,211,design_exp,QuestionPage,1757006076,27,0,0
gyk14m1i,28,5pvtnrux,319,design_exp,SurveyPage,1757006117,40,0,0
gyk14m1i,29,ibc1npjp,220,design_exp,CognitiveLimitInvestmentPage,1757006173,28,0,0
gyk14m1i,29,ibc1npjp,228,design_exp,CognitiveLimitInvestmentPage,1757006209,29,0,0
gyk14m1i,29,ibc1npjp,236,design_exp,CognitiveLimitInvestmentPage,1757006245,30,0,0
gyk14m1i,29,ibc1npjp,244,design_exp,CognitiveLimitInvestmentPage,1757006264,31,0,0
gyk14m1i,29,ibc1npjp,253,design_exp,CognitiveLimitBoxPage,1757006388,32,0,0
gyk14m1i,29,ibc1npjp,262,design_exp,CognitiveLimitInsurancePage,1757006458,33,0,0
gyk14m1i,29,ibc1npjp,271,design_exp,SurveyPage,1757006784,34,0,0
gyk14m1i,29,ibc1npjp,279,design_exp,SurveyPage,1757006827,35,0,0
gyk14m1i,29,ibc1npjp,287,design_exp,SurveyPage,1757006904,36,0,0
gyk14m1i,29,ibc1npjp,295,design_exp,SurveyPage,1757007172,37,0,0
gyk14m1i,29,ibc1npjp,303,design_exp,SurveyPage,1757007206,38,0,0
gyk14m1i,29,ibc1npjp,311,design_exp,SurveyPage,1757007212,39,0,0
gyk14m1i,29,ibc1npjp,319,design_exp,SurveyPage,1757007296,40,0,0
gyk14m1i,30,p7h3l191,0,,InitializeParticipant,1757056449,1,0,0
gyk14m1i,30,p7h3l191,1,design_exp,Instructions_WelcomeScreen,1757056529,1,0,0
gyk14m1i,30,p7h3l191,11,design_exp,QuestionPage,1757056561,2,0,0
gyk14m1i,30,p7h3l191,19,design_exp,QuestionPage,1757056591,3,0,0
gyk14m1i,30,p7h3l191,27,design_exp,QuestionPage,1757056624,4,0,0
gyk14m1i,30,p7h3l191,35,design_exp,QuestionPage,1757056648,5,0,0
gyk14m1i,30,p7h3l191,43,design_exp,QuestionPage,1757056961,6,0,0
gyk14m1i,30,p7h3l191,51,design_exp,QuestionPage,1757057020,7,0,0
gyk14m1i,30,p7h3l191,59,design_exp,QuestionPage,1757057031,8,0,0
gyk14m1i,30,p7h3l191,67,design_exp,QuestionPage,1757057042,9,0,0
gyk14m1i,30,p7h3l191,75,design_exp,QuestionPage,1757057059,10,0,0
gyk14m1i,30,p7h3l191,83,design_exp,QuestionPage,1757057079,11,0,0
gyk14m1i,30,p7h3l191,91,design_exp,QuestionPage,1757057089,12,0,0
gyk14m1i,30,p7h3l191,99,design_exp,QuestionPage,1757057096,13,0,0
gyk14m1i,30,p7h3l191,107,design_exp,QuestionPage,1757057117,14,0,0
gyk14m1i,30,p7h3l191,115,design_exp,QuestionPage,1757057653,15,0,0
gyk14m1i,30,p7h3l191,123,design_exp,QuestionPage,1757057701,16,0,0
gyk14m1i,30,p7h3l191,131,design_exp,QuestionPage,1757057726,17,0,0
gyk14m1i,30,p7h3l191,139,design_exp,QuestionPage,1757057737,18,0,0
gyk14m1i,30,p7h3l191,147,design_exp,QuestionPage,1757057749,19,0,0
gyk14m1i,30,p7h3l191,155,design_exp,QuestionPage,1757057779,20,0,0
gyk14m1i,30,p7h3l191,163,design_exp,QuestionPage,1757057850,21,0,0
gyk14m1i,30,p7h3l191,171,design_exp,QuestionPage,1757058221,22,0,0
gyk14m1i,30,p7h3l191,179,design_exp,QuestionPage,1757058249,23,0,0
gyk14m1i,30,p7h3l191,187,design_exp,QuestionPage,1757058266,24,0,0
gyk14m1i,30,p7h3l191,195,design_exp,QuestionPage,1757058290,25,0,0
gyk14m1i,30,p7h3l191,203,design_exp,QuestionPage,1757058338,26,0,0
gyk14m1i,30,p7h3l191,211,design_exp,QuestionPage,1757058352,27,0,0
gyk14m1i,30,p7h3l191,220,design_exp,CognitiveLimitInvestmentPage,1757058414,28,0,0
gyk14m1i,30,p7h3l191,228,design_exp,CognitiveLimitInvestmentPage,1757058448,29,0,0
gyk14m1i,30,p7h3l191,236,design_exp,CognitiveLimitInvestmentPage,1757058491,30,0,0
gyk14m1i,30,p7h3l191,244,design_exp,CognitiveLimitInvestmentPage,1757058512,31,0,0
gyk14m1i,30,p7h3l191,253,design_exp,CognitiveLimitBoxPage,1757058597,32,0,0
gyk14m1i,30,p7h3l191,262,design_exp,CognitiveLimitInsurancePage,1757058678,33,0,0
gyk14m1i,30,p7h3l191,271,design_exp,SurveyPage,1757058745,34,0,0
gyk14m1i,30,p7h3l191,279,design_exp,SurveyPage,1757058773,35,0,0
gyk14m1i,30,p7h3l191,287,design_exp,SurveyPage,1757058861,36,0,0
gyk14m1i,30,p7h3l191,295,design_exp,SurveyPage,1757059025,37,0,0
gyk14m1i,30,p7h3l191,303,design_exp,SurveyPage,1757059082,38,0,0
gyk14m1i,30,p7h3l191,311,design_exp,SurveyPage,1757059119,39,0,0
gyk14m1i,30,p7h3l191,319,design_exp,SurveyPage,1757059176,40,0,0
gyk14m1i,31,5281q8l5,0,,InitializeParticipant,1757063372,1,0,0
gyk14m1i,31,5281q8l5,1,design_exp,Instructions_WelcomeScreen,1757063427,1,0,0
gyk14m1i,31,5281q8l5,11,design_exp,QuestionPage,1757063630,2,0,0
gyk14m1i,31,5281q8l5,19,design_exp,QuestionPage,1757063831,3,0,0
gyk14m1i,31,5281q8l5,27,design_exp,QuestionPage,1757063926,4,0,0
gyk14m1i,31,5281q8l5,35,design_exp,QuestionPage,1757064418,5,0,0
gyk14m1i,31,5281q8l5,43,design_exp,QuestionPage,1757064964,6,0,0
gyk14m1i,31,5281q8l5,51,design_exp,QuestionPage,1757065000,7,0,0
gyk14m1i,31,5281q8l5,59,design_exp,QuestionPage,1757065062,8,0,0
gyk14m1i,31,5281q8l5,67,design_exp,QuestionPage,1757065204,9,0,0
gyk14m1i,31,5281q8l5,75,design_exp,QuestionPage,1757065892,10,0,0
gyk14m1i,31,5281q8l5,83,design_exp,QuestionPage,1757066032,11,0,0
gyk14m1i,31,5281q8l5,91,design_exp,QuestionPage,1757066237,12,0,0
gyk14m1i,31,5281q8l5,99,design_exp,QuestionPage,1757066481,13,0,0
gyk14m1i,31,5281q8l5,107,design_exp,QuestionPage,1757066549,14,0,0
gyk14m1i,31,5281q8l5,115,design_exp,QuestionPage,1757067237,15,0,0
gyk14m1i,31,5281q8l5,123,design_exp,QuestionPage,1757067531,16,0,0
gyk14m1i,31,5281q8l5,131,design_exp,QuestionPage,1757067622,17,0,0
gyk14m1i,31,5281q8l5,139,design_exp,QuestionPage,1757067647,18,0,0
gyk14m1i,31,5281q8l5,147,design_exp,QuestionPage,1757067776,19,0,0
gyk14m1i,31,5281q8l5,155,design_exp,QuestionPage,1757067797,20,0,0
gyk14m1i,31,5281q8l5,163,design_exp,QuestionPage,1757067806,21,0,0
gyk14m1i,31,5281q8l5,171,design_exp,QuestionPage,1757067828,22,0,0
gyk14m1i,31,5281q8l5,179,design_exp,QuestionPage,1757067857,23,0,0
gyk14m1i,31,5281q8l5,187,design_exp,QuestionPage,1757067904,24,0,0
gyk14m1i,31,5281q8l5,195,design_exp,QuestionPage,1757067945,25,0,0
gyk14m1i,31,5281q8l5,203,design_exp,QuestionPage,1757067973,26,0,0
gyk14m1i,31,5281q8l5,211,design_exp,QuestionPage,1757067998,27,0,0
gyk14m1i,31,5281q8l5,220,design_exp,CognitiveLimitInvestmentPage,1757068429,28,0,0
gyk14m1i,31,5281q8l5,228,design_exp,CognitiveLimitInvestmentPage,1757068452,29,0,0
gyk14m1i,31,5281q8l5,236,design_exp,CognitiveLimitInvestmentPage,1757068487,30,0,0
gyk14m1i,31,5281q8l5,244,design_exp,CognitiveLimitInvestmentPage,1757068502,31,0,0
gyk14m1i,31,5281q8l5,253,design_exp,CognitiveLimitBoxPage,1757068694,32,0,0
gyk14m1i,31,5281q8l5,262,design_exp,CognitiveLimitInsurancePage,1757068832,33,0,0
gyk14m1i,31,5281q8l5,271,design_exp,SurveyPage,1757068997,34,0,0
gyk14m1i,31,5281q8l5,279,design_exp,SurveyPage,1757069059,35,0,0
gyk14m1i,31,5281q8l5,287,design_exp,SurveyPage,1757069238,36,0,0
gyk14m1i,31,5281q8l5,295,design_exp,SurveyPage,1757069693,37,0,0
gyk14m1i,31,5281q8l5,303,design_exp,SurveyPage,1757069765,38,0,0
gyk14m1i,31,5281q8l5,311,design_exp,SurveyPage,1757069803,39,0,0
gyk14m1i,31,5281q8l5,319,design_exp,SurveyPage,1757069967,40,0,0
gyk14m1i,32,1bul91ew,0,,InitializeParticipant,1757163236,1,0,0
gyk14m1i,33,w3iode79,0,,InitializeParticipant,1757189528,1,0,0
gyk14m1i,33,w3iode79,1,design_exp,Instructions_WelcomeScreen,1757189562,1,0,0
gyk14m1i,33,w3iode79,11,design_exp,QuestionPage,1757189576,2,0,0
gyk14m1i,33,w3iode79,19,design_exp,QuestionPage,1757189594,3,0,0
gyk14m1i,33,w3iode79,27,design_exp,QuestionPage,1757189601,4,0,0
gyk14m1i,33,w3iode79,35,design_exp,QuestionPage,1757189626,5,0,0
gyk14m1i,33,w3iode79,43,design_exp,QuestionPage,1757189660,6,0,0
gyk14m1i,33,w3iode79,51,design_exp,QuestionPage,1757189672,7,0,0
gyk14m1i,33,w3iode79,59,design_exp,QuestionPage,1757189679,8,0,0
gyk14m1i,33,w3iode79,67,design_exp,QuestionPage,1757189688,9,0,0
gyk14m1i,33,w3iode79,75,design_exp,QuestionPage,1757189700,10,0,0
gyk14m1i,33,w3iode79,83,design_exp,QuestionPage,1757189716,11,0,0
gyk14m1i,33,w3iode79,91,design_exp,QuestionPage,1757189734,12,0,0
gyk14m1i,33,w3iode79,99,design_exp,QuestionPage,1757189740,13,0,0
gyk14m1i,33,w3iode79,107,design_exp,QuestionPage,1757189746,14,0,0
gyk14m1i,33,w3iode79,115,design_exp,QuestionPage,1757189766,15,0,0
gyk14m1i,33,w3iode79,123,design_exp,QuestionPage,1757189782,16,0,0
gyk14m1i,33,w3iode79,131,design_exp,QuestionPage,1757189790,17,0,0
gyk14m1i,33,w3iode79,139,design_exp,QuestionPage,1757189835,18,0,0
gyk14m1i,33,w3iode79,147,design_exp,QuestionPage,1757189846,19,0,0
gyk14m1i,33,w3iode79,155,design_exp,QuestionPage,1757189852,20,0,0
gyk14m1i,33,w3iode79,163,design_exp,QuestionPage,1757189859,21,0,0
gyk14m1i,33,w3iode79,171,design_exp,QuestionPage,1757189878,22,0,0
gyk14m1i,33,w3iode79,179,design_exp,QuestionPage,1757189891,23,0,0
gyk14m1i,33,w3iode79,187,design_exp,QuestionPage,1757189954,24,0,0
gyk14m1i,33,w3iode79,195,design_exp,QuestionPage,1757189971,25,0,0
gyk14m1i,33,w3iode79,203,design_exp,QuestionPage,1757189991,26,0,0
gyk14m1i,33,w3iode79,211,design_exp,QuestionPage,1757190001,27,0,0
gyk14m1i,33,w3iode79,220,design_exp,CognitiveLimitInvestmentPage,1757190024,28,0,0
gyk14m1i,33,w3iode79,228,design_exp,CognitiveLimitInvestmentPage,1757190032,29,0,0
gyk14m1i,33,w3iode79,236,design_exp,CognitiveLimitInvestmentPage,1757190039,30,0,0
gyk14m1i,33,w3iode79,244,design_exp,CognitiveLimitInvestmentPage,1757190046,31,0,0
gyk14m1i,33,w3iode79,253,design_exp,CognitiveLimitBoxPage,1757190088,32,0,0
gyk14m1i,33,w3iode79,262,design_exp,CognitiveLimitInsurancePage,1757190093,33,0,0
gyk14m1i,33,w3iode79,271,design_exp,SurveyPage,1757190148,34,0,0
gyk14m1i,33,w3iode79,279,design_exp,SurveyPage,1757190171,35,0,0
gyk14m1i,33,w3iode79,287,design_exp,SurveyPage,1757190184,36,0,0
gyk14m1i,33,w3iode79,295,design_exp,SurveyPage,1757190193,37,0,0
gyk14m1i,33,w3iode79,303,design_exp,SurveyPage,1757190201,38,0,0
gyk14m1i,33,w3iode79,311,design_exp,SurveyPage,1757190208,39,0,0
gyk14m1i,33,w3iode79,319,design_exp,SurveyPage,1757190216,40,0,0
gyk14m1i,34,28pev7xd,0,,InitializeParticipant,1757249297,1,0,0
gyk14m1i,34,28pev7xd,1,design_exp,Instructions_WelcomeScreen,1757249344,1,0,0
gyk14m1i,34,28pev7xd,11,design_exp,QuestionPage,1757249360,2,0,0
gyk14m1i,34,28pev7xd,19,design_exp,QuestionPage,1757249370,3,0,0
gyk14m1i,34,28pev7xd,27,design_exp,QuestionPage,1757249394,4,0,0
gyk14m1i,34,28pev7xd,35,design_exp,QuestionPage,1757249419,5,0,0
gyk14m1i,34,28pev7xd,43,design_exp,QuestionPage,1757249428,6,0,0
gyk14m1i,34,28pev7xd,51,design_exp,QuestionPage,1757249434,7,0,0
gyk14m1i,34,28pev7xd,59,design_exp,QuestionPage,1757249443,8,0,0
gyk14m1i,34,28pev7xd,67,design_exp,QuestionPage,1757249546,9,0,0
gyk14m1i,34,28pev7xd,75,design_exp,QuestionPage,1757249571,10,0,0
gyk14m1i,34,28pev7xd,83,design_exp,QuestionPage,1757249580,11,0,0
gyk14m1i,34,28pev7xd,91,design_exp,QuestionPage,1757249628,12,0,0
gyk14m1i,34,28pev7xd,99,design_exp,QuestionPage,1757249646,13,0,0
gyk14m1i,35,clhn92hg,0,,InitializeParticipant,1757249727,1,0,0
gyk14m1i,35,clhn92hg,1,design_exp,Instructions_WelcomeScreen,1757249824,1,0,0
gyk14m1i,35,clhn92hg,11,design_exp,QuestionPage,1757249903,2,0,0
gyk14m1i,35,clhn92hg,19,design_exp,QuestionPage,1757249916,3,0,0
gyk14m1i,34,28pev7xd,107,design_exp,QuestionPage,1757249982,14,0,0
gyk14m1i,34,28pev7xd,115,design_exp,QuestionPage,1757249993,15,0,0
gyk14m1i,34,28pev7xd,123,design_exp,QuestionPage,1757250032,16,0,0
gyk14m1i,35,clhn92hg,27,design_exp,QuestionPage,1757250038,4,0,0
gyk14m1i,35,clhn92hg,35,design_exp,QuestionPage,1757250069,5,0,0
gyk14m1i,35,clhn92hg,43,design_exp,QuestionPage,1757250086,6,0,0
gyk14m1i,34,28pev7xd,131,design_exp,QuestionPage,1757250096,17,0,0
gyk14m1i,35,clhn92hg,51,design_exp,QuestionPage,1757250152,7,0,0
gyk14m1i,35,clhn92hg,59,design_exp,QuestionPage,1757250173,8,0,0
gyk14m1i,34,28pev7xd,139,design_exp,QuestionPage,1757250186,18,0,0
gyk14m1i,35,clhn92hg,67,design_exp,QuestionPage,1757250205,9,0,0
gyk14m1i,34,28pev7xd,147,design_exp,QuestionPage,1757250208,19,0,0
gyk14m1i,35,clhn92hg,75,design_exp,QuestionPage,1757250283,10,0,0
gyk14m1i,35,clhn92hg,83,design_exp,QuestionPage,1757250319,11,0,0
gyk14m1i,35,clhn92hg,91,design_exp,QuestionPage,1757250483,12,0,0
gyk14m1i,35,clhn92hg,99,design_exp,QuestionPage,1757250551,13,0,0
gyk14m1i,35,clhn92hg,107,design_exp,QuestionPage,1757250585,14,0,0
gyk14m1i,34,28pev7xd,155,design_exp,QuestionPage,1757250633,20,0,0
gyk14m1i,34,28pev7xd,163,design_exp,QuestionPage,1757250658,21,0,0
gyk14m1i,34,28pev7xd,171,design_exp,QuestionPage,1757250705,22,0,0
gyk14m1i,34,28pev7xd,179,design_exp,QuestionPage,1757250721,23,0,0
gyk14m1i,34,28pev7xd,187,design_exp,QuestionPage,1757250732,24,0,0
gyk14m1i,34,28pev7xd,195,design_exp,QuestionPage,1757250789,25,0,0
gyk14m1i,34,28pev7xd,203,design_exp,QuestionPage,1757250796,26,0,0
gyk14m1i,34,28pev7xd,211,design_exp,QuestionPage,1757250895,27,0,0
gyk14m1i,34,28pev7xd,220,design_exp,CognitiveLimitInvestmentPage,1757250970,28,0,0
gyk14m1i,34,28pev7xd,228,design_exp,CognitiveLimitInvestmentPage,1757251031,29,0,0
gyk14m1i,34,28pev7xd,236,design_exp,CognitiveLimitInvestmentPage,1757251046,30,0,0
gyk14m1i,34,28pev7xd,244,design_exp,CognitiveLimitInvestmentPage,1757251054,31,0,0
gyk14m1i,35,clhn92hg,115,design_exp,QuestionPage,1757251284,15,0,0
gyk14m1i,35,clhn92hg,123,design_exp,QuestionPage,1757251442,16,0,0
gyk14m1i,35,clhn92hg,131,design_exp,QuestionPage,1757251519,17,0,0
gyk14m1i,35,clhn92hg,139,design_exp,QuestionPage,1757251573,18,0,0
gyk14m1i,35,clhn92hg,147,design_exp,QuestionPage,1757251601,19,0,0
gyk14m1i,35,clhn92hg,155,design_exp,QuestionPage,1757251631,20,0,0
gyk14m1i,35,clhn92hg,163,design_exp,QuestionPage,1757251677,21,0,0
gyk14m1i,36,1396220t,0,,InitializeParticipant,1757251677,1,0,0
gyk14m1i,35,clhn92hg,171,design_exp,QuestionPage,1757251700,22,0,0
gyk14m1i,36,1396220t,1,design_exp,Instructions_WelcomeScreen,1757251705,1,0,0
gyk14m1i,35,clhn92hg,179,design_exp,QuestionPage,1757251775,23,0,0
gyk14m1i,35,clhn92hg,187,design_exp,QuestionPage,1757251830,24,0,0
gyk14m1i,35,clhn92hg,195,design_exp,QuestionPage,1757251900,25,0,0
gyk14m1i,35,clhn92hg,203,design_exp,QuestionPage,1757251937,26,0,0
gyk14m1i,35,clhn92hg,211,design_exp,QuestionPage,1757251994,27,0,0
gyk14m1i,35,clhn92hg,220,design_exp,CognitiveLimitInvestmentPage,1757252145,28,0,0
gyk14m1i,35,clhn92hg,228,design_exp,CognitiveLimitInvestmentPage,1757252180,29,0,0
gyk14m1i,35,clhn92hg,236,design_exp,CognitiveLimitInvestmentPage,1757252207,30,0,0
gyk14m1i,35,clhn92hg,244,design_exp,CognitiveLimitInvestmentPage,1757252231,31,0,0
gyk14m1i,36,1396220t,11,design_exp,QuestionPage,1757252258,2,0,0
gyk14m1i,36,1396220t,19,design_exp,QuestionPage,1757252295,3,0,0
gyk14m1i,36,1396220t,27,design_exp,QuestionPage,1757252336,4,0,0
gyk14m1i,35,clhn92hg,253,design_exp,CognitiveLimitBoxPage,1757252418,32,0,0
gyk14m1i,36,1396220t,35,design_exp,QuestionPage,1757252423,5,0,0
gyk14m1i,35,clhn92hg,262,design_exp,CognitiveLimitInsurancePage,1757252522,33,0,0
gyk14m1i,35,clhn92hg,271,design_exp,SurveyPage,1757252657,34,0,0
gyk14m1i,35,clhn92hg,279,design_exp,SurveyPage,1757252707,35,0,0
gyk14m1i,35,clhn92hg,287,design_exp,SurveyPage,1757252825,36,0,0
gyk14m1i,36,1396220t,43,design_exp,QuestionPage,1757253054,6,0,0
gyk14m1i,36,1396220t,51,design_exp,QuestionPage,1757253068,7,0,0
gyk14m1i,36,1396220t,59,design_exp,QuestionPage,1757253140,8,0,0
gyk14m1i,36,1396220t,67,design_exp,QuestionPage,1757253156,9,0,0
gyk14m1i,36,1396220t,75,design_exp,QuestionPage,1757253164,10,0,0
gyk14m1i,36,1396220t,83,design_exp,QuestionPage,1757253188,11,0,0
gyk14m1i,36,1396220t,91,design_exp,QuestionPage,1757253212,12,0,0
gyk14m1i,36,1396220t,99,design_exp,QuestionPage,1757253256,13,0,0
gyk14m1i,35,clhn92hg,295,design_exp,SurveyPage,1757253286,37,0,0
gyk14m1i,35,clhn92hg,303,design_exp,SurveyPage,1757253351,38,0,0
gyk14m1i,35,clhn92hg,311,design_exp,SurveyPage,1757253389,39,0,0
gyk14m1i,36,1396220t,107,design_exp,QuestionPage,1757253480,14,0,0
gyk14m1i,35,clhn92hg,319,design_exp,SurveyPage,1757253518,40,0,0
gyk14m1i,36,1396220t,115,design_exp,QuestionPage,1757253564,15,0,0
gyk14m1i,36,1396220t,123,design_exp,QuestionPage,1757253597,16,0,0
gyk14m1i,36,1396220t,131,design_exp,QuestionPage,1757253649,17,0,0
gyk14m1i,36,1396220t,139,design_exp,QuestionPage,1757253682,18,0,0
gyk14m1i,36,1396220t,147,design_exp,QuestionPage,1757253690,19,0,0
gyk14m1i,36,1396220t,155,design_exp,QuestionPage,1757254193,20,0,0
gyk14m1i,36,1396220t,163,design_exp,QuestionPage,1757254349,21,0,0
gyk14m1i,36,1396220t,171,design_exp,QuestionPage,1757254383,22,0,0
gyk14m1i,36,1396220t,179,design_exp,QuestionPage,1757254402,23,0,0
gyk14m1i,36,1396220t,187,design_exp,QuestionPage,1757254441,24,0,0
gyk14m1i,36,1396220t,195,design_exp,QuestionPage,1757254487,25,0,0
gyk14m1i,36,1396220t,203,design_exp,QuestionPage,1757254512,26,0,0
gyk14m1i,36,1396220t,211,design_exp,QuestionPage,1757254554,27,0,0
gyk14m1i,36,1396220t,220,design_exp,CognitiveLimitInvestmentPage,1757254758,28,0,0
gyk14m1i,36,1396220t,253,design_exp,CognitiveLimitBoxPage,1757255254,32,0,0
gyk14m1i,36,1396220t,262,design_exp,CognitiveLimitInsurancePage,1757255313,33,0,0
gyk14m1i,36,1396220t,271,design_exp,SurveyPage,1757255517,34,0,0
gyk14m1i,36,1396220t,279,design_exp,SurveyPage,1757255546,35,0,0
gyk14m1i,36,1396220t,287,design_exp,SurveyPage,1757255633,36,0,0
gyk14m1i,36,1396220t,295,design_exp,SurveyPage,1757255953,37,0,0
gyk14m1i,36,1396220t,303,design_exp,SurveyPage,1757255983,38,0,0
gyk14m1i,36,1396220t,311,design_exp,SurveyPage,1757256019,39,0,0
gyk14m1i,36,1396220t,319,design_exp,SurveyPage,1757256113,40,0,0
gyk14m1i,37,22v9znlh,0,,InitializeParticipant,1757256779,1,0,0
gyk14m1i,37,22v9znlh,1,design_exp,Instructions_WelcomeScreen,1757256848,1,0,0
gyk14m1i,37,22v9znlh,11,design_exp,QuestionPage,1757256885,2,0,0
gyk14m1i,37,22v9znlh,19,design_exp,QuestionPage,1757256973,3,0,0
gyk14m1i,37,22v9znlh,27,design_exp,QuestionPage,1757257010,4,0,0
gyk14m1i,38,7crjrlnc,0,,InitializeParticipant,1757257042,1,0,0
gyk14m1i,37,22v9znlh,35,design_exp,QuestionPage,1757257063,5,0,0
gyk14m1i,37,22v9znlh,43,design_exp,QuestionPage,1757257075,6,0,0
gyk14m1i,37,22v9znlh,51,design_exp,QuestionPage,1757257133,7,0,0
gyk14m1i,37,22v9znlh,59,design_exp,QuestionPage,1757257200,8,0,0
gyk14m1i,37,22v9znlh,67,design_exp,QuestionPage,1757257208,9,0,0
gyk14m1i,37,22v9znlh,75,design_exp,QuestionPage,1757257256,10,0,0
gyk14m1i,37,22v9znlh,83,design_exp,QuestionPage,1757257275,11,0,0
gyk14m1i,37,22v9znlh,91,design_exp,QuestionPage,1757257287,12,0,0
gyk14m1i,37,22v9znlh,99,design_exp,QuestionPage,1757257300,13,0,0
gyk14m1i,37,22v9znlh,107,design_exp,QuestionPage,1757257334,14,0,0
gyk14m1i,37,22v9znlh,115,design_exp,QuestionPage,1757257436,15,0,0
gyk14m1i,37,22v9znlh,123,design_exp,QuestionPage,1757257450,16,0,0
gyk14m1i,37,22v9znlh,131,design_exp,QuestionPage,1757257475,17,0,0
gyk14m1i,37,22v9znlh,139,design_exp,QuestionPage,1757257543,18,0,0
gyk14m1i,37,22v9znlh,147,design_exp,QuestionPage,1757257551,19,0,0
gyk14m1i,37,22v9znlh,155,design_exp,QuestionPage,1757257555,20,0,0
gyk14m1i,37,22v9znlh,163,design_exp,QuestionPage,1757257653,21,0,0
gyk14m1i,37,22v9znlh,171,design_exp,QuestionPage,1757257685,22,0,0
gyk14m1i,37,22v9znlh,179,design_exp,QuestionPage,1757257696,23,0,0
gyk14m1i,37,22v9znlh,187,design_exp,QuestionPage,1757257843,24,0,0
gyk14m1i,37,22v9znlh,195,design_exp,QuestionPage,1757257867,25,0,0
gyk14m1i,37,22v9znlh,203,design_exp,QuestionPage,1757257887,26,0,0
gyk14m1i,37,22v9znlh,211,design_exp,QuestionPage,1757257893,27,0,0
gyk14m1i,37,22v9znlh,220,design_exp,CognitiveLimitInvestmentPage,1757257907,28,0,0
gyk14m1i,37,22v9znlh,228,design_exp,CognitiveLimitInvestmentPage,1757257925,29,0,0
gyk14m1i,37,22v9znlh,236,design_exp,CognitiveLimitInvestmentPage,1757257933,30,0,0
gyk14m1i,37,22v9znlh,244,design_exp,CognitiveLimitInvestmentPage,1757257939,31,0,0
gyk14m1i,37,22v9znlh,253,design_exp,CognitiveLimitBoxPage,1757258017,32,0,0
gyk14m1i,37,22v9znlh,262,design_exp,CognitiveLimitInsurancePage,1757258045,33,0,0
gyk14m1i,37,22v9znlh,271,design_exp,SurveyPage,1757258103,34,0,0
gyk14m1i,37,22v9znlh,279,design_exp,SurveyPage,1757258130,35,0,0
gyk14m1i,37,22v9znlh,287,design_exp,SurveyPage,1757258236,36,0,0
gyk14m1i,37,22v9znlh,295,design_exp,SurveyPage,1757258432,37,0,0
gyk14m1i,37,22v9znlh,303,design_exp,SurveyPage,1757258458,38,0,0
gyk14m1i,37,22v9znlh,311,design_exp,SurveyPage,1757258474,39,0,0
gyk14m1i,37,22v9znlh,319,design_exp,SurveyPage,1757258543,40,0,0
gyk14m1i,39,jk35twfn,0,,InitializeParticipant,1757264633,1,0,0
gyk14m1i,39,jk35twfn,1,design_exp,Instructions_WelcomeScreen,1757264679,1,0,0
gyk14m1i,39,jk35twfn,11,design_exp,QuestionPage,1757264754,2,0,0
gyk14m1i,39,jk35twfn,19,design_exp,QuestionPage,1757264786,3,0,0
gyk14m1i,39,jk35twfn,27,design_exp,QuestionPage,1757264826,4,0,0
gyk14m1i,39,jk35twfn,35,design_exp,QuestionPage,1757264843,5,0,0
gyk14m1i,39,jk35twfn,43,design_exp,QuestionPage,1757264872,6,0,0
gyk14m1i,39,jk35twfn,51,design_exp,QuestionPage,1757264904,7,0,0
gyk14m1i,39,jk35twfn,59,design_exp,QuestionPage,1757264919,8,0,0
gyk14m1i,39,jk35twfn,67,design_exp,QuestionPage,1757264963,9,0,0
gyk14m1i,39,jk35twfn,75,design_exp,QuestionPage,1757265009,10,0,0
gyk14m1i,39,jk35twfn,83,design_exp,QuestionPage,1757265105,11,0,0
gyk14m1i,39,jk35twfn,91,design_exp,QuestionPage,1757265130,12,0,0
gyk14m1i,39,jk35twfn,99,design_exp,QuestionPage,1757265147,13,0,0
gyk14m1i,39,jk35twfn,107,design_exp,QuestionPage,1757265169,14,0,0
gyk14m1i,39,jk35twfn,115,design_exp,QuestionPage,1757265184,15,0,0
gyk14m1i,39,jk35twfn,123,design_exp,QuestionPage,1757265202,16,0,0
gyk14m1i,39,jk35twfn,131,design_exp,QuestionPage,1757265216,17,0,0
gyk14m1i,39,jk35twfn,139,design_exp,QuestionPage,1757265242,18,0,0
gyk14m1i,39,jk35twfn,147,design_exp,QuestionPage,1757265274,19,0,0
gyk14m1i,39,jk35twfn,155,design_exp,QuestionPage,1757265325,20,0,0
gyk14m1i,39,jk35twfn,163,design_exp,QuestionPage,1757265339,21,0,0
gyk14m1i,39,jk35twfn,171,design_exp,QuestionPage,1757265565,22,0,0
gyk14m1i,39,jk35twfn,179,design_exp,QuestionPage,1757265665,23,0,0
gyk14m1i,39,jk35twfn,187,design_exp,QuestionPage,1757265684,24,0,0
gyk14m1i,39,jk35twfn,195,design_exp,QuestionPage,1757265703,25,0,0
gyk14m1i,39,jk35twfn,203,design_exp,QuestionPage,1757265715,26,0,0
gyk14m1i,39,jk35twfn,211,design_exp,QuestionPage,1757265730,27,0,0
gyk14m1i,40,8b36tdmq,0,,InitializeParticipant,1757265778,1,0,0
gyk14m1i,39,jk35twfn,220,design_exp,CognitiveLimitInvestmentPage,1757265800,28,0,0
gyk14m1i,39,jk35twfn,228,design_exp,CognitiveLimitInvestmentPage,1757265826,29,0,0
gyk14m1i,39,jk35twfn,236,design_exp,CognitiveLimitInvestmentPage,1757265848,30,0,0
gyk14m1i,39,jk35twfn,244,design_exp,CognitiveLimitInvestmentPage,1757265867,31,0,0
gyk14m1i,39,jk35twfn,253,design_exp,CognitiveLimitBoxPage,1757265960,32,0,0
gyk14m1i,39,jk35twfn,262,design_exp,CognitiveLimitInsurancePage,1757266015,33,0,0
gyk14m1i,39,jk35twfn,271,design_exp,SurveyPage,1757266064,34,0,0
gyk14m1i,39,jk35twfn,279,design_exp,SurveyPage,1757266090,35,0,0
gyk14m1i,39,jk35twfn,287,design_exp,SurveyPage,1757266219,36,0,0
gyk14m1i,39,jk35twfn,295,design_exp,SurveyPage,1757266416,37,0,0
gyk14m1i,39,jk35twfn,303,design_exp,SurveyPage,1757266470,38,0,0
gyk14m1i,39,jk35twfn,311,design_exp,SurveyPage,1757266506,39,0,0
gyk14m1i,39,jk35twfn,319,design_exp,SurveyPage,1757266582,40,0,0
gyk14m1i,40,8b36tdmq,1,design_exp,Instructions_WelcomeScreen,1757271925,1,0,0
gyk14m1i,40,8b36tdmq,11,design_exp,QuestionPage,1757272000,2,0,0
gyk14m1i,40,8b36tdmq,19,design_exp,QuestionPage,1757272045,3,0,0
gyk14m1i,40,8b36tdmq,27,design_exp,QuestionPage,1757272095,4,0,0
gyk14m1i,40,8b36tdmq,35,design_exp,QuestionPage,1757272120,5,0,0
gyk14m1i,40,8b36tdmq,43,design_exp,QuestionPage,1757272134,6,0,0
gyk14m1i,40,8b36tdmq,51,design_exp,QuestionPage,1757272197,7,0,0
gyk14m1i,40,8b36tdmq,59,design_exp,QuestionPage,1757272239,8,0,0
gyk14m1i,40,8b36tdmq,67,design_exp,QuestionPage,1757272394,9,0,0
gyk14m1i,40,8b36tdmq,75,design_exp,QuestionPage,1757272408,10,0,0
gyk14m1i,40,8b36tdmq,83,design_exp,QuestionPage,1757272558,11,0,0
gyk14m1i,40,8b36tdmq,91,design_exp,QuestionPage,1757272652,12,0,0
gyk14m1i,40,8b36tdmq,99,design_exp,QuestionPage,1757272737,13,0,0
gyk14m1i,40,8b36tdmq,107,design_exp,QuestionPage,1757272749,14,0,0
gyk14m1i,40,8b36tdmq,115,design_exp,QuestionPage,1757272767,15,0,0
gyk14m1i,40,8b36tdmq,123,design_exp,QuestionPage,1757272830,16,0,0
gyk14m1i,40,8b36tdmq,131,design_exp,QuestionPage,1757272842,17,0,0
gyk14m1i,40,8b36tdmq,139,design_exp,QuestionPage,1757272972,18,0,0
gyk14m1i,40,8b36tdmq,147,design_exp,QuestionPage,1757272998,19,0,0
gyk14m1i,40,8b36tdmq,155,design_exp,QuestionPage,1757273011,20,0,0
gyk14m1i,40,8b36tdmq,163,design_exp,QuestionPage,1757273080,21,0,0
gyk14m1i,40,8b36tdmq,171,design_exp,QuestionPage,1757273126,22,0,0
gyk14m1i,40,8b36tdmq,179,design_exp,QuestionPage,1757273169,23,0,0
gyk14m1i,40,8b36tdmq,187,design_exp,QuestionPage,1757273212,24,0,0
gyk14m1i,40,8b36tdmq,195,design_exp,QuestionPage,1757273910,25,0,0
gyk14m1i,40,8b36tdmq,203,design_exp,QuestionPage,1757273914,26,0,0
gyk14m1i,40,8b36tdmq,211,design_exp,QuestionPage,1757273922,27,0,0
gyk14m1i,40,8b36tdmq,220,design_exp,CognitiveLimitInvestmentPage,1757274575,28,0,0
gyk14m1i,40,8b36tdmq,228,design_exp,CognitiveLimitInvestmentPage,1757274603,29,0,0
gyk14m1i,40,8b36tdmq,236,design_exp,CognitiveLimitInvestmentPage,1757274613,30,0,0
gyk14m1i,40,8b36tdmq,244,design_exp,CognitiveLimitInvestmentPage,1757274630,31,0,0
gyk14m1i,40,8b36tdmq,253,design_exp,CognitiveLimitBoxPage,1757274769,32,0,0
gyk14m1i,40,8b36tdmq,262,design_exp,CognitiveLimitInsurancePage,1757274806,33,0,0
gyk14m1i,40,8b36tdmq,271,design_exp,SurveyPage,1757274876,34,0,0
gyk14m1i,40,8b36tdmq,279,design_exp,SurveyPage,1757274894,35,0,0
gyk14m1i,40,8b36tdmq,287,design_exp,SurveyPage,1757274966,36,0,0
gyk14m1i,40,8b36tdmq,295,design_exp,SurveyPage,1757275100,37,0,0
gyk14m1i,40,8b36tdmq,303,design_exp,SurveyPage,1757275124,38,0,0
gyk14m1i,40,8b36tdmq,311,design_exp,SurveyPage,1757275139,39,0,0
gyk14m1i,40,8b36tdmq,319,design_exp,SurveyPage,1757275284,40,0,0
gyk14m1i,41,fqzvm3z8,0,,InitializeParticipant,1757290491,1,0,0
gyk14m1i,41,fqzvm3z8,1,design_exp,Instructions_WelcomeScreen,1757290510,1,0,0
gyk14m1i,41,fqzvm3z8,11,design_exp,QuestionPage,1757290524,2,0,0
gyk14m1i,41,fqzvm3z8,19,design_exp,QuestionPage,1757290533,3,0,0
gyk14m1i,41,fqzvm3z8,27,design_exp,QuestionPage,1757290538,4,0,0
gyk14m1i,41,fqzvm3z8,35,design_exp,QuestionPage,1757290585,5,0,0
gyk14m1i,41,fqzvm3z8,43,design_exp,QuestionPage,1757291012,6,0,0
gyk14m1i,41,fqzvm3z8,51,design_exp,QuestionPage,1757291069,7,0,0
gyk14m1i,41,fqzvm3z8,59,design_exp,QuestionPage,1757291102,8,0,0
gyk14m1i,41,fqzvm3z8,67,design_exp,QuestionPage,1757291132,9,0,0
gyk14m1i,41,fqzvm3z8,75,design_exp,QuestionPage,1757291141,10,0,0
gyk14m1i,41,fqzvm3z8,83,design_exp,QuestionPage,1757291183,11,0,0
gyk14m1i,41,fqzvm3z8,91,design_exp,QuestionPage,1757291231,12,0,0
gyk14m1i,41,fqzvm3z8,99,design_exp,QuestionPage,1757291242,13,0,0
gyk14m1i,41,fqzvm3z8,107,design_exp,QuestionPage,1757291263,14,0,0
gyk14m1i,41,fqzvm3z8,115,design_exp,QuestionPage,1757291270,15,0,0
gyk14m1i,41,fqzvm3z8,123,design_exp,QuestionPage,1757291280,16,0,0
gyk14m1i,41,fqzvm3z8,131,design_exp,QuestionPage,1757291293,17,0,0
gyk14m1i,41,fqzvm3z8,139,design_exp,QuestionPage,1757291323,18,0,0
gyk14m1i,41,fqzvm3z8,147,design_exp,QuestionPage,1757291355,19,0,0
gyk14m1i,41,fqzvm3z8,155,design_exp,QuestionPage,1757291392,20,0,0
gyk14m1i,41,fqzvm3z8,163,design_exp,QuestionPage,1757291404,21,0,0
gyk14m1i,41,fqzvm3z8,171,design_exp,QuestionPage,1757291408,22,0,0
gyk14m1i,41,fqzvm3z8,179,design_exp,QuestionPage,1757291480,23,0,0
gyk14m1i,41,fqzvm3z8,187,design_exp,QuestionPage,1757291486,24,0,0
gyk14m1i,41,fqzvm3z8,195,design_exp,QuestionPage,1757291503,25,0,0
gyk14m1i,41,fqzvm3z8,203,design_exp,QuestionPage,1757291528,26,0,0
gyk14m1i,41,fqzvm3z8,211,design_exp,QuestionPage,1757291534,27,0,0
gyk14m1i,41,fqzvm3z8,220,design_exp,CognitiveLimitInvestmentPage,1757291576,28,0,0
gyk14m1i,41,fqzvm3z8,228,design_exp,CognitiveLimitInvestmentPage,1757291592,29,0,0
gyk14m1i,41,fqzvm3z8,236,design_exp,CognitiveLimitInvestmentPage,1757291605,30,0,0
gyk14m1i,41,fqzvm3z8,244,design_exp,CognitiveLimitInvestmentPage,1757291619,31,0,0
gyk14m1i,41,fqzvm3z8,253,design_exp,CognitiveLimitBoxPage,1757291703,32,0,0
gyk14m1i,41,fqzvm3z8,262,design_exp,CognitiveLimitInsurancePage,1757291713,33,0,0
gyk14m1i,41,fqzvm3z8,271,design_exp,SurveyPage,1757291741,34,0,0
gyk14m1i,41,fqzvm3z8,279,design_exp,SurveyPage,1757291766,35,0,0
gyk14m1i,41,fqzvm3z8,287,design_exp,SurveyPage,1757291824,36,0,0
gyk14m1i,41,fqzvm3z8,295,design_exp,SurveyPage,1757291931,37,0,0
gyk14m1i,41,fqzvm3z8,303,design_exp,SurveyPage,1757291947,38,0,0
gyk14m1i,41,fqzvm3z8,311,design_exp,SurveyPage,1757291967,39,0,0
gyk14m1i,41,fqzvm3z8,319,design_exp,SurveyPage,1757292037,40,0,0
gyk14m1i,42,86a8cunl,0,,InitializeParticipant,1757308363,1,0,0
gyk14m1i,42,86a8cunl,1,design_exp,Instructions_WelcomeScreen,1757308414,1,0,0
gyk14m1i,42,86a8cunl,11,design_exp,QuestionPage,1757308520,2,0,0
gyk14m1i,42,86a8cunl,19,design_exp,QuestionPage,1757308536,3,0,0
gyk14m1i,42,86a8cunl,27,design_exp,QuestionPage,1757308549,4,0,0
gyk14m1i,42,86a8cunl,35,design_exp,QuestionPage,1757308684,5,0,0
gyk14m1i,42,86a8cunl,43,design_exp,QuestionPage,1757308717,6,0,0
gyk14m1i,42,86a8cunl,51,design_exp,QuestionPage,1757308755,7,0,0
gyk14m1i,42,86a8cunl,59,design_exp,QuestionPage,1757308850,8,0,0
gyk14m1i,42,86a8cunl,67,design_exp,QuestionPage,1757308921,9,0,0
gyk14m1i,42,86a8cunl,75,design_exp,QuestionPage,1757308936,10,0,0
gyk14m1i,42,86a8cunl,83,design_exp,QuestionPage,1757308967,11,0,0
gyk14m1i,42,86a8cunl,91,design_exp,QuestionPage,1757309072,12,0,0
gyk14m1i,42,86a8cunl,99,design_exp,QuestionPage,1757309091,13,0,0
gyk14m1i,42,86a8cunl,107,design_exp,QuestionPage,1757309116,14,0,0
gyk14m1i,42,86a8cunl,115,design_exp,QuestionPage,1757309232,15,0,0
gyk14m1i,42,86a8cunl,123,design_exp,QuestionPage,1757309268,16,0,0
gyk14m1i,42,86a8cunl,131,design_exp,QuestionPage,1757309291,17,0,0
gyk14m1i,42,86a8cunl,139,design_exp,QuestionPage,1757309313,18,0,0
gyk14m1i,42,86a8cunl,147,design_exp,QuestionPage,1757309324,19,0,0
gyk14m1i,42,86a8cunl,155,design_exp,QuestionPage,1757309349,20,0,0
gyk14m1i,42,86a8cunl,163,design_exp,QuestionPage,1757309530,21,0,0
gyk14m1i,42,86a8cunl,171,design_exp,QuestionPage,1757309553,22,0,0
gyk14m1i,42,86a8cunl,179,design_exp,QuestionPage,1757309609,23,0,0
gyk14m1i,42,86a8cunl,187,design_exp,QuestionPage,1757309626,24,0,0
gyk14m1i,42,86a8cunl,195,design_exp,QuestionPage,1757309632,25,0,0
gyk14m1i,42,86a8cunl,203,design_exp,QuestionPage,1757309640,26,0,0
gyk14m1i,42,86a8cunl,211,design_exp,QuestionPage,1757309659,27,0,0
gyk14m1i,42,86a8cunl,220,design_exp,CognitiveLimitInvestmentPage,1757309706,28,0,0
gyk14m1i,42,86a8cunl,228,design_exp,CognitiveLimitInvestmentPage,1757309722,29,0,0
gyk14m1i,42,86a8cunl,236,design_exp,CognitiveLimitInvestmentPage,1757309738,30,0,0
gyk14m1i,42,86a8cunl,244,design_exp,CognitiveLimitInvestmentPage,1757309754,31,0,0
gyk14m1i,42,86a8cunl,253,design_exp,CognitiveLimitBoxPage,1757309841,32,0,0
gyk14m1i,42,86a8cunl,262,design_exp,CognitiveLimitInsurancePage,1757309867,33,0,0
gyk14m1i,42,86a8cunl,271,design_exp,SurveyPage,1757309894,34,0,0
gyk14m1i,42,86a8cunl,279,design_exp,SurveyPage,1757309919,35,0,0
gyk14m1i,42,86a8cunl,287,design_exp,SurveyPage,1757309934,36,0,0
gyk14m1i,42,86a8cunl,295,design_exp,SurveyPage,1757309941,37,0,0
gyk14m1i,42,86a8cunl,303,design_exp,SurveyPage,1757309972,38,0,0
gyk14m1i,42,86a8cunl,311,design_exp,SurveyPage,1757309991,39,0,0
gyk14m1i,42,86a8cunl,319,design_exp,SurveyPage,1757310045,40,0,0
gyk14m1i,43,9k9rz6bb,0,,InitializeParticipant,1757312768,1,0,0
gyk14m1i,44,bgc8mzrv,0,,InitializeParticipant,1757316107,1,0,0
gyk14m1i,44,bgc8mzrv,1,design_exp,Instructions_WelcomeScreen,1757316212,1,0,0
gyk14m1i,44,bgc8mzrv,11,design_exp,QuestionPage,1757316263,2,0,0
gyk14m1i,44,bgc8mzrv,19,design_exp,QuestionPage,1757316300,3,0,0
gyk14m1i,45,4rnvajwr,0,,InitializeParticipant,1757316316,1,0,0
gyk14m1i,44,bgc8mzrv,27,design_exp,QuestionPage,1757316347,4,0,0
gyk14m1i,45,4rnvajwr,1,design_exp,Instructions_WelcomeScreen,1757316390,1,0,0
gyk14m1i,44,bgc8mzrv,35,design_exp,QuestionPage,1757316396,5,0,0
gyk14m1i,45,4rnvajwr,11,design_exp,QuestionPage,1757316468,2,0,0
gyk14m1i,44,bgc8mzrv,43,design_exp,QuestionPage,1757316477,6,0,0
gyk14m1i,44,bgc8mzrv,51,design_exp,QuestionPage,1757316534,7,0,0
gyk14m1i,44,bgc8mzrv,59,design_exp,QuestionPage,1757316587,8,0,0
gyk14m1i,44,bgc8mzrv,67,design_exp,QuestionPage,1757316674,9,0,0
gyk14m1i,44,bgc8mzrv,75,design_exp,QuestionPage,1757316781,10,0,0
gyk14m1i,44,bgc8mzrv,83,design_exp,QuestionPage,1757316836,11,0,0
gyk14m1i,44,bgc8mzrv,91,design_exp,QuestionPage,1757316889,12,0,0
gyk14m1i,45,4rnvajwr,19,design_exp,QuestionPage,1757316934,3,0,0
gyk14m1i,44,bgc8mzrv,99,design_exp,QuestionPage,1757317197,13,0,0
gyk14m1i,44,bgc8mzrv,107,design_exp,QuestionPage,1757317230,14,0,0
gyk14m1i,44,bgc8mzrv,115,design_exp,QuestionPage,1757317332,15,0,0
gyk14m1i,44,bgc8mzrv,123,design_exp,QuestionPage,1757317355,16,0,0
gyk14m1i,44,bgc8mzrv,131,design_exp,QuestionPage,1757317484,17,0,0
gyk14m1i,45,4rnvajwr,27,design_exp,QuestionPage,1757317503,4,0,0
gyk14m1i,45,4rnvajwr,35,design_exp,QuestionPage,1757317531,5,0,0
gyk14m1i,44,bgc8mzrv,139,design_exp,QuestionPage,1757317546,18,0,0
gyk14m1i,45,4rnvajwr,43,design_exp,QuestionPage,1757317555,6,0,0
gyk14m1i,44,bgc8mzrv,147,design_exp,QuestionPage,1757317568,19,0,0
gyk14m1i,44,bgc8mzrv,155,design_exp,QuestionPage,1757317609,20,0,0
gyk14m1i,46,10p0099n,0,,InitializeParticipant,1757317645,1,0,0
gyk14m1i,45,4rnvajwr,51,design_exp,QuestionPage,1757317652,7,0,0
gyk14m1i,45,4rnvajwr,59,design_exp,QuestionPage,1757317667,8,0,0
gyk14m1i,45,4rnvajwr,67,design_exp,QuestionPage,1757317747,9,0,0
gyk14m1i,45,4rnvajwr,75,design_exp,QuestionPage,1757317765,10,0,0
gyk14m1i,45,4rnvajwr,83,design_exp,QuestionPage,1757317782,11,0,0
gyk14m1i,45,4rnvajwr,91,design_exp,QuestionPage,1757317856,12,0,0
gyk14m1i,45,4rnvajwr,99,design_exp,QuestionPage,1757317890,13,0,0
gyk14m1i,45,4rnvajwr,107,design_exp,QuestionPage,1757317970,14,0,0
gyk14m1i,45,4rnvajwr,115,design_exp,QuestionPage,1757318067,15,0,0
gyk14m1i,45,4rnvajwr,123,design_exp,QuestionPage,1757318194,16,0,0
gyk14m1i,44,bgc8mzrv,163,design_exp,QuestionPage,1757318217,21,0,0
gyk14m1i,45,4rnvajwr,131,design_exp,QuestionPage,1757318232,17,0,0
gyk14m1i,44,bgc8mzrv,171,design_exp,QuestionPage,1757318251,22,0,0
gyk14m1i,45,4rnvajwr,139,design_exp,QuestionPage,1757318254,18,0,0
gyk14m1i,45,4rnvajwr,147,design_exp,QuestionPage,1757318311,19,0,0
gyk14m1i,45,4rnvajwr,155,design_exp,QuestionPage,1757318324,20,0,0
gyk14m1i,44,bgc8mzrv,179,design_exp,QuestionPage,1757318331,23,0,0
gyk14m1i,45,4rnvajwr,163,design_exp,QuestionPage,1757318339,21,0,0
gyk14m1i,45,4rnvajwr,171,design_exp,QuestionPage,1757318346,22,0,0
gyk14m1i,44,bgc8mzrv,187,design_exp,QuestionPage,1757318354,24,0,0
gyk14m1i,45,4rnvajwr,179,design_exp,QuestionPage,1757318365,23,0,0
gyk14m1i,44,bgc8mzrv,195,design_exp,QuestionPage,1757318517,25,0,0
gyk14m1i,45,4rnvajwr,187,design_exp,QuestionPage,1757318520,24,0,0
gyk14m1i,44,bgc8mzrv,203,design_exp,QuestionPage,1757318538,26,0,0
gyk14m1i,45,4rnvajwr,195,design_exp,QuestionPage,1757318548,25,0,0
gyk14m1i,45,4rnvajwr,203,design_exp,QuestionPage,1757318562,26,0,0
gyk14m1i,44,bgc8mzrv,211,design_exp,QuestionPage,1757318601,27,0,0
gyk14m1i,45,4rnvajwr,211,design_exp,QuestionPage,1757318621,27,0,0
gyk14m1i,45,4rnvajwr,220,design_exp,CognitiveLimitInvestmentPage,1757318739,28,0,0
gyk14m1i,45,4rnvajwr,228,design_exp,CognitiveLimitInvestmentPage,1757318775,29,0,0
gyk14m1i,47,uz5vh77c,0,,InitializeParticipant,1757318792,1,0,0
gyk14m1i,47,uz5vh77c,1,design_exp,Instructions_WelcomeScreen,1757318803,1,0,0
gyk14m1i,47,uz5vh77c,11,design_exp,QuestionPage,1757318814,2,0,0
gyk14m1i,47,uz5vh77c,19,design_exp,QuestionPage,1757318826,3,0,0
gyk14m1i,45,4rnvajwr,236,design_exp,CognitiveLimitInvestmentPage,1757318856,30,0,0
gyk14m1i,47,uz5vh77c,27,design_exp,QuestionPage,1757318897,4,0,0
gyk14m1i,45,4rnvajwr,244,design_exp,CognitiveLimitInvestmentPage,1757318914,31,0,0
gyk14m1i,44,bgc8mzrv,220,design_exp,CognitiveLimitInvestmentPage,1757318922,28,0,0
gyk14m1i,47,uz5vh77c,35,design_exp,QuestionPage,1757318942,5,0,0
gyk14m1i,47,uz5vh77c,43,design_exp,QuestionPage,1757318954,6,0,0
gyk14m1i,47,uz5vh77c,51,design_exp,QuestionPage,1757318970,7,0,0
gyk14m1i,47,uz5vh77c,59,design_exp,QuestionPage,1757318993,8,0,0
gyk14m1i,44,bgc8mzrv,228,design_exp,CognitiveLimitInvestmentPage,1757319008,29,0,0
gyk14m1i,47,uz5vh77c,67,design_exp,QuestionPage,1757319047,9,0,0
gyk14m1i,47,uz5vh77c,75,design_exp,QuestionPage,1757319064,10,0,0
gyk14m1i,44,bgc8mzrv,236,design_exp,CognitiveLimitInvestmentPage,1757319066,30,0,0
gyk14m1i,47,uz5vh77c,83,design_exp,QuestionPage,1757319088,11,0,0
gyk14m1i,47,uz5vh77c,91,design_exp,QuestionPage,1757319095,12,0,0
gyk14m1i,44,bgc8mzrv,244,design_exp,CognitiveLimitInvestmentPage,1757319111,31,0,0
gyk14m1i,45,4rnvajwr,253,design_exp,CognitiveLimitBoxPage,1757319113,32,0,0
gyk14m1i,45,4rnvajwr,262,design_exp,CognitiveLimitInsurancePage,1757319152,33,0,0
gyk14m1i,47,uz5vh77c,99,design_exp,QuestionPage,1757319177,13,0,0
gyk14m1i,47,uz5vh77c,107,design_exp,QuestionPage,1757319190,14,0,0
gyk14m1i,47,uz5vh77c,115,design_exp,QuestionPage,1757319198,15,0,0
gyk14m1i,47,uz5vh77c,123,design_exp,QuestionPage,1757319214,16,0,0
gyk14m1i,47,uz5vh77c,131,design_exp,QuestionPage,1757319257,17,0,0
gyk14m1i,47,uz5vh77c,139,design_exp,QuestionPage,1757319274,18,0,0
gyk14m1i,47,uz5vh77c,147,design_exp,QuestionPage,1757319282,19,0,0
gyk14m1i,44,bgc8mzrv,253,design_exp,CognitiveLimitBoxPage,1757319291,32,0,0
gyk14m1i,47,uz5vh77c,155,design_exp,QuestionPage,1757319297,20,0,0
gyk14m1i,47,uz5vh77c,163,design_exp,QuestionPage,1757319305,21,0,0
gyk14m1i,47,uz5vh77c,171,design_exp,QuestionPage,1757319349,22,0,0
gyk14m1i,47,uz5vh77c,179,design_exp,QuestionPage,1757319361,23,0,0
gyk14m1i,47,uz5vh77c,187,design_exp,QuestionPage,1757319380,24,0,0
gyk14m1i,44,bgc8mzrv,262,design_exp,CognitiveLimitInsurancePage,1757319384,33,0,0
gyk14m1i,47,uz5vh77c,195,design_exp,QuestionPage,1757319405,25,0,0
gyk14m1i,44,bgc8mzrv,271,design_exp,SurveyPage,1757319478,34,0,0
gyk14m1i,47,uz5vh77c,203,design_exp,QuestionPage,1757319508,26,0,0
gyk14m1i,44,bgc8mzrv,279,design_exp,SurveyPage,1757319523,35,0,0
gyk14m1i,47,uz5vh77c,211,design_exp,QuestionPage,1757319530,27,0,0
gyk14m1i,47,uz5vh77c,220,design_exp,CognitiveLimitInvestmentPage,1757319547,28,0,0
gyk14m1i,47,uz5vh77c,228,design_exp,CognitiveLimitInvestmentPage,1757319564,29,0,0
gyk14m1i,47,uz5vh77c,236,design_exp,CognitiveLimitInvestmentPage,1757319577,30,0,0
gyk14m1i,45,4rnvajwr,271,design_exp,SurveyPage,1757319584,34,0,0
gyk14m1i,47,uz5vh77c,244,design_exp,CognitiveLimitInvestmentPage,1757319592,31,0,0
gyk14m1i,45,4rnvajwr,279,design_exp,SurveyPage,1757319612,35,0,0
gyk14m1i,44,bgc8mzrv,287,design_exp,SurveyPage,1757319629,36,0,0
gyk14m1i,47,uz5vh77c,253,design_exp,CognitiveLimitBoxPage,1757319683,32,0,0
gyk14m1i,45,4rnvajwr,287,design_exp,SurveyPage,1757319707,36,0,0
gyk14m1i,47,uz5vh77c,262,design_exp,CognitiveLimitInsurancePage,1757319716,33,0,0
gyk14m1i,47,uz5vh77c,271,design_exp,SurveyPage,1757319755,34,0,0
gyk14m1i,47,uz5vh77c,279,design_exp,SurveyPage,1757319779,35,0,0
gyk14m1i,47,uz5vh77c,287,design_exp,SurveyPage,1757319827,36,0,0
gyk14m1i,47,uz5vh77c,295,design_exp,SurveyPage,1757319887,37,0,0
gyk14m1i,45,4rnvajwr,295,design_exp,SurveyPage,1757319890,37,0,0
gyk14m1i,47,uz5vh77c,303,design_exp,SurveyPage,1757319916,38,0,0
gyk14m1i,45,4rnvajwr,303,design_exp,SurveyPage,1757319928,38,0,0
gyk14m1i,47,uz5vh77c,311,design_exp,SurveyPage,1757319938,39,0,0
gyk14m1i,45,4rnvajwr,311,design_exp,SurveyPage,1757319956,39,0,0
gyk14m1i,47,uz5vh77c,319,design_exp,SurveyPage,1757319985,40,0,0
gyk14m1i,45,4rnvajwr,319,design_exp,SurveyPage,1757320063,40,0,0
gyk14m1i,44,bgc8mzrv,295,design_exp,SurveyPage,1757320198,37,0,0
gyk14m1i,44,bgc8mzrv,303,design_exp,SurveyPage,1757320272,38,0,0
gyk14m1i,44,bgc8mzrv,311,design_exp,SurveyPage,1757320309,39,0,0
gyk14m1i,44,bgc8mzrv,319,design_exp,SurveyPage,1757320471,40,0,0
gyk14m1i,48,vsywb076,0,,InitializeParticipant,1757323632,1,0,0
gyk14m1i,48,vsywb076,1,design_exp,Instructions_WelcomeScreen,1757323647,1,0,0
gyk14m1i,48,vsywb076,11,design_exp,QuestionPage,1757323663,2,0,0
gyk14m1i,48,vsywb076,19,design_exp,QuestionPage,1757323687,3,0,0
gyk14m1i,48,vsywb076,27,design_exp,QuestionPage,1757323698,4,0,0
gyk14m1i,48,vsywb076,35,design_exp,QuestionPage,1757323723,5,0,0
gyk14m1i,48,vsywb076,43,design_exp,QuestionPage,1757323735,6,0,0
gyk14m1i,48,vsywb076,51,design_exp,QuestionPage,1757323755,7,0,0
gyk14m1i,48,vsywb076,59,design_exp,QuestionPage,1757323790,8,0,0
gyk14m1i,48,vsywb076,67,design_exp,QuestionPage,1757323804,9,0,0
gyk14m1i,48,vsywb076,75,design_exp,QuestionPage,1757323822,10,0,0
gyk14m1i,48,vsywb076,83,design_exp,QuestionPage,1757323905,11,0,0
gyk14m1i,48,vsywb076,91,design_exp,QuestionPage,1757323911,12,0,0
gyk14m1i,48,vsywb076,99,design_exp,QuestionPage,1757323928,13,0,0
gyk14m1i,48,vsywb076,107,design_exp,QuestionPage,1757323940,14,0,0
gyk14m1i,48,vsywb076,115,design_exp,QuestionPage,1757324109,15,0,0
gyk14m1i,48,vsywb076,123,design_exp,QuestionPage,1757324118,16,0,0
gyk14m1i,48,vsywb076,131,design_exp,QuestionPage,1757324124,17,0,0
gyk14m1i,48,vsywb076,139,design_exp,QuestionPage,1757324142,18,0,0
gyk14m1i,48,vsywb076,147,design_exp,QuestionPage,1757324154,19,0,0
gyk14m1i,48,vsywb076,155,design_exp,QuestionPage,1757324220,20,0,0
gyk14m1i,48,vsywb076,163,design_exp,QuestionPage,1757324229,21,0,0
gyk14m1i,48,vsywb076,171,design_exp,QuestionPage,1757324239,22,0,0
gyk14m1i,48,vsywb076,179,design_exp,QuestionPage,1757324258,23,0,0
gyk14m1i,48,vsywb076,187,design_exp,QuestionPage,1757324280,24,0,0
gyk14m1i,48,vsywb076,195,design_exp,QuestionPage,1757324305,25,0,0
gyk14m1i,48,vsywb076,203,design_exp,QuestionPage,1757324326,26,0,0
gyk14m1i,48,vsywb076,211,design_exp,QuestionPage,1757324340,27,0,0
gyk14m1i,48,vsywb076,220,design_exp,CognitiveLimitInvestmentPage,1757324363,28,0,0
gyk14m1i,48,vsywb076,228,design_exp,CognitiveLimitInvestmentPage,1757324374,29,0,0
gyk14m1i,48,vsywb076,236,design_exp,CognitiveLimitInvestmentPage,1757324386,30,0,0
gyk14m1i,48,vsywb076,244,design_exp,CognitiveLimitInvestmentPage,1757324396,31,0,0
gyk14m1i,48,vsywb076,253,design_exp,CognitiveLimitBoxPage,1757324558,32,0,0
gyk14m1i,48,vsywb076,262,design_exp,CognitiveLimitInsurancePage,1757324577,33,0,0
gyk14m1i,48,vsywb076,271,design_exp,SurveyPage,1757324609,34,0,0
gyk14m1i,48,vsywb076,279,design_exp,SurveyPage,1757324645,35,0,0
gyk14m1i,48,vsywb076,287,design_exp,SurveyPage,1757324733,36,0,0
gyk14m1i,48,vsywb076,295,design_exp,SurveyPage,1757324910,37,0,0
gyk14m1i,48,vsywb076,303,design_exp,SurveyPage,1757324962,38,0,0
gyk14m1i,48,vsywb076,311,design_exp,SurveyPage,1757324987,39,0,0
gyk14m1i,48,vsywb076,319,design_exp,SurveyPage,1757325033,40,0,0
gyk14m1i,49,stsjbeog,0,,InitializeParticipant,1757329345,1,0,0
gyk14m1i,50,0sx6vsyz,0,,InitializeParticipant,1757335171,1,0,0
gyk14m1i,50,0sx6vsyz,1,design_exp,Instructions_WelcomeScreen,1757335189,1,0,0
gyk14m1i,50,0sx6vsyz,11,design_exp,QuestionPage,1757335204,2,0,0
gyk14m1i,50,0sx6vsyz,19,design_exp,QuestionPage,1757335245,3,0,0
gyk14m1i,50,0sx6vsyz,27,design_exp,QuestionPage,1757335303,4,0,0
gyk14m1i,50,0sx6vsyz,35,design_exp,QuestionPage,1757335378,5,0,0
gyk14m1i,50,0sx6vsyz,43,design_exp,QuestionPage,1757335403,6,0,0
gyk14m1i,50,0sx6vsyz,51,design_exp,QuestionPage,1757335439,7,0,0
gyk14m1i,50,0sx6vsyz,59,design_exp,QuestionPage,1757335468,8,0,0
gyk14m1i,50,0sx6vsyz,67,design_exp,QuestionPage,1757335528,9,0,0
gyk14m1i,50,0sx6vsyz,75,design_exp,QuestionPage,1757335543,10,0,0
gyk14m1i,50,0sx6vsyz,83,design_exp,QuestionPage,1757335568,11,0,0
gyk14m1i,50,0sx6vsyz,91,design_exp,QuestionPage,1757335587,12,0,0
gyk14m1i,50,0sx6vsyz,99,design_exp,QuestionPage,1757335604,13,0,0
gyk14m1i,50,0sx6vsyz,107,design_exp,QuestionPage,1757335659,14,0,0
gyk14m1i,50,0sx6vsyz,115,design_exp,QuestionPage,1757335677,15,0,0
gyk14m1i,50,0sx6vsyz,123,design_exp,QuestionPage,1757335696,16,0,0
gyk14m1i,50,0sx6vsyz,131,design_exp,QuestionPage,1757335710,17,0,0
gyk14m1i,50,0sx6vsyz,139,design_exp,QuestionPage,1757335715,18,0,0
gyk14m1i,50,0sx6vsyz,147,design_exp,QuestionPage,1757335724,19,0,0
gyk14m1i,50,0sx6vsyz,155,design_exp,QuestionPage,1757335734,20,0,0
gyk14m1i,50,0sx6vsyz,163,design_exp,QuestionPage,1757335748,21,0,0
gyk14m1i,50,0sx6vsyz,171,design_exp,QuestionPage,1757335754,22,0,0
gyk14m1i,50,0sx6vsyz,179,design_exp,QuestionPage,1757335769,23,0,0
gyk14m1i,50,0sx6vsyz,187,design_exp,QuestionPage,1757335792,24,0,0
gyk14m1i,50,0sx6vsyz,195,design_exp,QuestionPage,1757335814,25,0,0
gyk14m1i,50,0sx6vsyz,203,design_exp,QuestionPage,1757335879,26,0,0
gyk14m1i,50,0sx6vsyz,211,design_exp,QuestionPage,1757335890,27,0,0
gyk14m1i,50,0sx6vsyz,220,design_exp,CognitiveLimitInvestmentPage,1757335942,28,0,0
gyk14m1i,50,0sx6vsyz,228,design_exp,CognitiveLimitInvestmentPage,1757335962,29,0,0
gyk14m1i,50,0sx6vsyz,236,design_exp,CognitiveLimitInvestmentPage,1757335981,30,0,0
gyk14m1i,50,0sx6vsyz,244,design_exp,CognitiveLimitInvestmentPage,1757335995,31,0,0
gyk14m1i,50,0sx6vsyz,253,design_exp,CognitiveLimitBoxPage,1757336382,32,0,0
gyk14m1i,50,0sx6vsyz,262,design_exp,CognitiveLimitInsurancePage,1757336440,33,0,0
gyk14m1i,50,0sx6vsyz,271,design_exp,SurveyPage,1757336510,34,0,0
gyk14m1i,50,0sx6vsyz,279,design_exp,SurveyPage,1757336525,35,0,0
gyk14m1i,50,0sx6vsyz,287,design_exp,SurveyPage,1757336565,36,0,0
gyk14m1i,50,0sx6vsyz,295,design_exp,SurveyPage,1757336680,37,0,0
gyk14m1i,50,0sx6vsyz,303,design_exp,SurveyPage,1757336695,38,0,0
gyk14m1i,50,0sx6vsyz,311,design_exp,SurveyPage,1757336716,39,0,0
gyk14m1i,50,0sx6vsyz,319,design_exp,SurveyPage,1757336777,40,0,0
gyk14m1i,51,epdd5qlc,0,,InitializeParticipant,1757337514,1,0,0
gyk14m1i,51,epdd5qlc,1,design_exp,Instructions_WelcomeScreen,1757337526,1,0,0
gyk14m1i,51,epdd5qlc,11,design_exp,QuestionPage,1757337660,2,0,0
gyk14m1i,51,epdd5qlc,19,design_exp,QuestionPage,1757337681,3,0,0
gyk14m1i,52,3wx8us93,0,,InitializeParticipant,1757337769,1,0,0
gyk14m1i,51,epdd5qlc,27,design_exp,QuestionPage,1757337796,4,0,0
gyk14m1i,52,3wx8us93,1,design_exp,Instructions_WelcomeScreen,1757337801,1,0,0
gyk14m1i,52,3wx8us93,11,design_exp,QuestionPage,1757337839,2,0,0
gyk14m1i,52,3wx8us93,19,design_exp,QuestionPage,1757337864,3,0,0
gyk14m1i,52,3wx8us93,27,design_exp,QuestionPage,1757337896,4,0,0
gyk14m1i,52,3wx8us93,35,design_exp,QuestionPage,1757337933,5,0,0
gyk14m1i,52,3wx8us93,43,design_exp,QuestionPage,1757337966,6,0,0
gyk14m1i,52,3wx8us93,51,design_exp,QuestionPage,1757338028,7,0,0
gyk14m1i,51,epdd5qlc,35,design_exp,QuestionPage,1757338040,5,0,0
gyk14m1i,52,3wx8us93,59,design_exp,QuestionPage,1757338054,8,0,0
gyk14m1i,52,3wx8us93,67,design_exp,QuestionPage,1757338069,9,0,0
gyk14m1i,52,3wx8us93,75,design_exp,QuestionPage,1757338079,10,0,0
gyk14m1i,51,epdd5qlc,43,design_exp,QuestionPage,1757338125,6,0,0
gyk14m1i,52,3wx8us93,83,design_exp,QuestionPage,1757338187,11,0,0
gyk14m1i,52,3wx8us93,91,design_exp,QuestionPage,1757338206,12,0,0
gyk14m1i,51,epdd5qlc,51,design_exp,QuestionPage,1757338218,7,0,0
gyk14m1i,52,3wx8us93,99,design_exp,QuestionPage,1757338323,13,0,0
gyk14m1i,52,3wx8us93,107,design_exp,QuestionPage,1757338376,14,0,0
gyk14m1i,52,3wx8us93,115,design_exp,QuestionPage,1757338384,15,0,0
gyk14m1i,52,3wx8us93,123,design_exp,QuestionPage,1757338402,16,0,0
gyk14m1i,51,epdd5qlc,59,design_exp,QuestionPage,1757338542,8,0,0
gyk14m1i,51,epdd5qlc,67,design_exp,QuestionPage,1757338630,9,0,0
gyk14m1i,52,3wx8us93,131,design_exp,QuestionPage,1757338737,17,0,0
gyk14m1i,52,3wx8us93,139,design_exp,QuestionPage,1757338766,18,0,0
gyk14m1i,52,3wx8us93,147,design_exp,QuestionPage,1757338781,19,0,0
gyk14m1i,52,3wx8us93,155,design_exp,QuestionPage,1757338912,20,0,0
gyk14m1i,52,3wx8us93,163,design_exp,QuestionPage,1757338929,21,0,0
gyk14m1i,52,3wx8us93,171,design_exp,QuestionPage,1757338948,22,0,0
gyk14m1i,52,3wx8us93,179,design_exp,QuestionPage,1757338982,23,0,0
gyk14m1i,52,3wx8us93,187,design_exp,QuestionPage,1757338994,24,0,0
gyk14m1i,52,3wx8us93,195,design_exp,QuestionPage,1757339036,25,0,0
gyk14m1i,51,epdd5qlc,75,design_exp,QuestionPage,1757339236,10,0,0
gyk14m1i,51,epdd5qlc,83,design_exp,QuestionPage,1757339258,11,0,0
gyk14m1i,52,3wx8us93,203,design_exp,QuestionPage,1757339324,26,0,0
gyk14m1i,52,3wx8us93,211,design_exp,QuestionPage,1757339334,27,0,0
gyk14m1i,51,epdd5qlc,91,design_exp,QuestionPage,1757339371,12,0,0
gyk14m1i,52,3wx8us93,220,design_exp,CognitiveLimitInvestmentPage,1757339399,28,0,0
gyk14m1i,51,epdd5qlc,99,design_exp,QuestionPage,1757339418,13,0,0
gyk14m1i,52,3wx8us93,228,design_exp,CognitiveLimitInvestmentPage,1757339424,29,0,0
gyk14m1i,52,3wx8us93,236,design_exp,CognitiveLimitInvestmentPage,1757339440,30,0,0
gyk14m1i,52,3wx8us93,244,design_exp,CognitiveLimitInvestmentPage,1757339472,31,0,0
gyk14m1i,51,epdd5qlc,107,design_exp,QuestionPage,1757339487,14,0,0
gyk14m1i,51,epdd5qlc,115,design_exp,QuestionPage,1757339516,15,0,0
gyk14m1i,51,epdd5qlc,123,design_exp,QuestionPage,1757339540,16,0,0
gyk14m1i,52,3wx8us93,253,design_exp,CognitiveLimitBoxPage,1757339541,32,0,0
gyk14m1i,52,3wx8us93,262,design_exp,CognitiveLimitInsurancePage,1757339578,33,0,0
gyk14m1i,52,3wx8us93,271,design_exp,SurveyPage,1757339633,34,0,0
gyk14m1i,52,3wx8us93,279,design_exp,SurveyPage,1757339659,35,0,0
gyk14m1i,51,epdd5qlc,131,design_exp,QuestionPage,1757339699,17,0,0
gyk14m1i,52,3wx8us93,287,design_exp,SurveyPage,1757339745,36,0,0
gyk14m1i,51,epdd5qlc,139,design_exp,QuestionPage,1757339801,18,0,0
gyk14m1i,52,3wx8us93,295,design_exp,SurveyPage,1757339929,37,0,0
gyk14m1i,52,3wx8us93,303,design_exp,SurveyPage,1757339955,38,0,0
gyk14m1i,52,3wx8us93,311,design_exp,SurveyPage,1757339975,39,0,0
gyk14m1i,52,3wx8us93,319,design_exp,SurveyPage,1757340108,40,0,0
gyk14m1i,53,f6m9scxk,0,,InitializeParticipant,1757340306,1,0,0
gyk14m1i,51,epdd5qlc,147,design_exp,QuestionPage,1757340358,19,0,0
gyk14m1i,53,f6m9scxk,1,design_exp,Instructions_WelcomeScreen,1757340372,1,0,0
gyk14m1i,51,epdd5qlc,155,design_exp,QuestionPage,1757340383,20,0,0
gyk14m1i,51,epdd5qlc,163,design_exp,QuestionPage,1757340402,21,0,0
gyk14m1i,53,f6m9scxk,11,design_exp,QuestionPage,1757340409,2,0,0
gyk14m1i,51,epdd5qlc,171,design_exp,QuestionPage,1757340416,22,0,0
gyk14m1i,53,f6m9scxk,19,design_exp,QuestionPage,1757340448,3,0,0
gyk14m1i,53,f6m9scxk,27,design_exp,QuestionPage,1757340463,4,0,0
gyk14m1i,53,f6m9scxk,35,design_exp,QuestionPage,1757340484,5,0,0
gyk14m1i,53,f6m9scxk,43,design_exp,QuestionPage,1757340540,6,0,0
gyk14m1i,53,f6m9scxk,51,design_exp,QuestionPage,1757340561,7,0,0
gyk14m1i,53,f6m9scxk,59,design_exp,QuestionPage,1757340588,8,0,0
gyk14m1i,51,epdd5qlc,179,design_exp,QuestionPage,1757340600,23,0,0
gyk14m1i,51,epdd5qlc,187,design_exp,QuestionPage,1757340641,24,0,0
gyk14m1i,53,f6m9scxk,67,design_exp,QuestionPage,1757340667,9,0,0
gyk14m1i,51,epdd5qlc,195,design_exp,QuestionPage,1757340672,25,0,0
gyk14m1i,53,f6m9scxk,75,design_exp,QuestionPage,1757340701,10,0,0
gyk14m1i,51,epdd5qlc,203,design_exp,QuestionPage,1757340717,26,0,0
gyk14m1i,53,f6m9scxk,83,design_exp,QuestionPage,1757340719,11,0,0
gyk14m1i,51,epdd5qlc,211,design_exp,QuestionPage,1757340733,27,0,0
gyk14m1i,53,f6m9scxk,91,design_exp,QuestionPage,1757340799,12,0,0
gyk14m1i,51,epdd5qlc,220,design_exp,CognitiveLimitInvestmentPage,1757340815,28,0,0
gyk14m1i,53,f6m9scxk,99,design_exp,QuestionPage,1757340839,13,0,0
gyk14m1i,53,f6m9scxk,107,design_exp,QuestionPage,1757341086,14,0,0
gyk14m1i,53,f6m9scxk,115,design_exp,QuestionPage,1757341099,15,0,0
gyk14m1i,53,f6m9scxk,123,design_exp,QuestionPage,1757341118,16,0,0
gyk14m1i,53,f6m9scxk,131,design_exp,QuestionPage,1757341151,17,0,0
gyk14m1i,53,f6m9scxk,139,design_exp,QuestionPage,1757341170,18,0,0
gyk14m1i,53,f6m9scxk,147,design_exp,QuestionPage,1757341184,19,0,0
gyk14m1i,53,f6m9scxk,155,design_exp,QuestionPage,1757341245,20,0,0
gyk14m1i,53,f6m9scxk,163,design_exp,QuestionPage,1757341260,21,0,0
gyk14m1i,53,f6m9scxk,171,design_exp,QuestionPage,1757341401,22,0,0
gyk14m1i,53,f6m9scxk,179,design_exp,QuestionPage,1757341412,23,0,0
gyk14m1i,51,epdd5qlc,228,design_exp,CognitiveLimitInvestmentPage,1757341461,29,0,0
gyk14m1i,53,f6m9scxk,187,design_exp,QuestionPage,1757341471,24,0,0
gyk14m1i,51,epdd5qlc,236,design_exp,CognitiveLimitInvestmentPage,1757341472,30,0,0
gyk14m1i,51,epdd5qlc,244,design_exp,CognitiveLimitInvestmentPage,1757341479,31,0,0
gyk14m1i,53,f6m9scxk,195,design_exp,QuestionPage,1757341544,25,0,0
gyk14m1i,53,f6m9scxk,203,design_exp,QuestionPage,1757341554,26,0,0
gyk14m1i,53,f6m9scxk,211,design_exp,QuestionPage,1757341571,27,0,0
gyk14m1i,51,epdd5qlc,253,design_exp,CognitiveLimitBoxPage,1757341607,32,0,0
gyk14m1i,51,epdd5qlc,262,design_exp,CognitiveLimitInsurancePage,1757341638,33,0,0
gyk14m1i,51,epdd5qlc,271,design_exp,SurveyPage,1757341696,34,0,0
gyk14m1i,53,f6m9scxk,220,design_exp,CognitiveLimitInvestmentPage,1757341702,28,0,0
gyk14m1i,51,epdd5qlc,279,design_exp,SurveyPage,1757341749,35,0,0
gyk14m1i,53,f6m9scxk,228,design_exp,CognitiveLimitInvestmentPage,1757341749,29,0,0
gyk14m1i,53,f6m9scxk,236,design_exp,CognitiveLimitInvestmentPage,1757341769,30,0,0
gyk14m1i,53,f6m9scxk,244,design_exp,CognitiveLimitInvestmentPage,1757341785,31,0,0
gyk14m1i,51,epdd5qlc,287,design_exp,SurveyPage,1757341875,36,0,0
gyk14m1i,51,epdd5qlc,295,design_exp,SurveyPage,1757341964,37,0,0
gyk14m1i,53,f6m9scxk,253,design_exp,CognitiveLimitBoxPage,1757341968,32,0,0
gyk14m1i,51,epdd5qlc,303,design_exp,SurveyPage,1757341999,38,0,0
gyk14m1i,53,f6m9scxk,262,design_exp,CognitiveLimitInsurancePage,1757342019,33,0,0
gyk14m1i,51,epdd5qlc,311,design_exp,SurveyPage,1757342029,39,0,0
gyk14m1i,53,f6m9scxk,271,design_exp,SurveyPage,1757342097,34,0,0
gyk14m1i,53,f6m9scxk,279,design_exp,SurveyPage,1757342123,35,0,0
gyk14m1i,51,epdd5qlc,319,design_exp,SurveyPage,1757342129,40,0,0
gyk14m1i,53,f6m9scxk,287,design_exp,SurveyPage,1757342255,36,0,0
gyk14m1i,53,f6m9scxk,295,design_exp,SurveyPage,1757342473,37,0,0
gyk14m1i,53,f6m9scxk,303,design_exp,SurveyPage,1757342499,38,0,0
gyk14m1i,53,f6m9scxk,311,design_exp,SurveyPage,1757342528,39,0,0
gyk14m1i,53,f6m9scxk,319,design_exp,SurveyPage,1757342652,40,0,0
gyk14m1i,54,pm5g8pgg,0,,InitializeParticipant,1757342923,1,0,0
gyk14m1i,55,jmtnljas,0,,InitializeParticipant,1757354863,1,0,0
gyk14m1i,55,jmtnljas,1,design_exp,Instructions_WelcomeScreen,1757354870,1,0,0
gyk14m1i,56,me74ifp5,0,,InitializeParticipant,1757354886,1,0,0
gyk14m1i,57,3ze5157o,0,,InitializeParticipant,1757400848,1,0,0
gyk14m1i,58,cs0ktpit,0,,InitializeParticipant,1757400875,1,0,0
gyk14m1i,59,uwf4r0oq,0,,InitializeParticipant,1757400995,1,0,0
gyk14m1i,59,uwf4r0oq,1,design_exp,Instructions_WelcomeScreen,1757401044,1,0,0
gyk14m1i,59,uwf4r0oq,11,design_exp,QuestionPage,1757401048,2,0,0
gyk14m1i,60,egmbb8rx,0,,InitializeParticipant,1757416533,1,0,0
gyk14m1i,61,2b6z8idj,0,,InitializeParticipant,1757416534,1,0,0
gyk14m1i,62,lmt5mb7v,0,,InitializeParticipant,1757416534,1,0,0
gyk14m1i,63,wdahmu3p,0,,InitializeParticipant,1757416534,1,0,0
gyk14m1i,64,yggm7zwx,0,,InitializeParticipant,1757416534,1,0,0
gyk14m1i,65,vu3hdc79,0,,InitializeParticipant,1757416535,1,0,0
gyk14m1i,66,zd2elm53,0,,InitializeParticipant,1757416536,1,0,0
gyk14m1i,67,3gmuwl3z,0,,InitializeParticipant,1757416536,1,0,0
gyk14m1i,68,a311zfx2,0,,InitializeParticipant,1757416537,1,0,0
gyk14m1i,69,2zpxzlej,0,,InitializeParticipant,1757416537,1,0,0
gyk14m1i,70,k7x7ijs5,0,,InitializeParticipant,1757416542,1,0,0
gyk14m1i,71,a8hrssj5,0,,InitializeParticipant,1757416547,1,0,0
gyk14m1i,72,dddjz8c2,0,,InitializeParticipant,1757416547,1,0,0
gyk14m1i,73,3oagklp3,0,,InitializeParticipant,1757416548,1,0,0
gyk14m1i,74,ambf07bn,0,,InitializeParticipant,1757416550,1,0,0
gyk14m1i,75,h1z5av71,0,,InitializeParticipant,1757416552,1,0,0
gyk14m1i,76,mlzpvf57,0,,InitializeParticipant,1757416557,1,0,0
gyk14m1i,78,861gjeo0,0,,InitializeParticipant,1757416559,1,0,0
gyk14m1i,79,qvpjm66e,0,,InitializeParticipant,1757416561,1,0,0
gyk14m1i,61,2b6z8idj,1,design_exp,Instructions_WelcomeScreen,1757416565,1,0,0
gyk14m1i,80,3p54j8xb,0,,InitializeParticipant,1757416567,1,0,0
gyk14m1i,72,dddjz8c2,1,design_exp,Instructions_WelcomeScreen,1757416569,1,0,0
gyk14m1i,68,a311zfx2,1,design_exp,Instructions_WelcomeScreen,1757416571,1,0,0
gyk14m1i,81,u1bjxhr0,0,,InitializeParticipant,1757416571,1,0,0
gyk14m1i,82,a13spce8,0,,InitializeParticipant,1757416573,1,0,0
gyk14m1i,83,2p9yfdxb,0,,InitializeParticipant,1757416574,1,0,0
gyk14m1i,84,aiv2tw1h,0,,InitializeParticipant,1757416575,1,0,0
gyk14m1i,85,gr2edsln,0,,InitializeParticipant,1757416578,1,0,0
gyk14m1i,86,zcqgfmm2,0,,InitializeParticipant,1757416579,1,0,0
gyk14m1i,87,0nnyqrzm,0,,InitializeParticipant,1757416579,1,0,0
gyk14m1i,88,d59tocqz,0,,InitializeParticipant,1757416581,1,0,0
gyk14m1i,90,f2ph7iaf,0,,InitializeParticipant,1757416582,1,0,0
gyk14m1i,91,nmxgdgi8,0,,InitializeParticipant,1757416583,1,0,0
gyk14m1i,92,znoqiaml,0,,InitializeParticipant,1757416585,1,0,0
gyk14m1i,64,yggm7zwx,1,design_exp,Instructions_WelcomeScreen,1757416588,1,0,0
gyk14m1i,94,8a70oopu,0,,InitializeParticipant,1757416588,1,0,0
gyk14m1i,81,u1bjxhr0,1,design_exp,Instructions_WelcomeScreen,1757416589,1,0,0
gyk14m1i,95,f1swkbh4,0,,InitializeParticipant,1757416591,1,0,0
gyk14m1i,60,egmbb8rx,1,design_exp,Instructions_WelcomeScreen,1757416591,1,0,0
gyk14m1i,96,z2aw429m,0,,InitializeParticipant,1757416591,1,0,0
gyk14m1i,84,aiv2tw1h,1,design_exp,Instructions_WelcomeScreen,1757416592,1,0,0
gyk14m1i,71,a8hrssj5,1,design_exp,Instructions_WelcomeScreen,1757416594,1,0,0
gyk14m1i,97,ndlwp8yc,0,,InitializeParticipant,1757416594,1,0,0
gyk14m1i,98,ofqdyk1q,0,,InitializeParticipant,1757416595,1,0,0
gyk14m1i,99,016fy736,0,,InitializeParticipant,1757416596,1,0,0
gyk14m1i,64,yggm7zwx,11,design_exp,QuestionPage,1757416599,2,0,0
gyk14m1i,100,0f84snti,0,,InitializeParticipant,1757416599,1,0,0
gyk14m1i,67,3gmuwl3z,1,design_exp,Instructions_WelcomeScreen,1757416599,1,0,0
gyk14m1i,101,5t824poa,0,,InitializeParticipant,1757416599,1,0,0
gyk14m1i,102,sfbmn01y,0,,InitializeParticipant,1757416600,1,0,0
gyk14m1i,103,b91oij74,0,,InitializeParticipant,1757416600,1,0,0
gyk14m1i,104,jz3gfzxv,0,,InitializeParticipant,1757416601,1,0,0
gyk14m1i,85,gr2edsln,1,design_exp,Instructions_WelcomeScreen,1757416601,1,0,0
gyk14m1i,75,h1z5av71,1,design_exp,Instructions_WelcomeScreen,1757416601,1,0,0
gyk14m1i,105,9alruytk,0,,InitializeParticipant,1757416602,1,0,0
gyk14m1i,106,g7emliy5,0,,InitializeParticipant,1757416602,1,0,0
gyk14m1i,107,h0bwiiwp,0,,InitializeParticipant,1757416602,1,0,0
gyk14m1i,108,tjh7rt4i,0,,InitializeParticipant,1757416603,1,0,0
gyk14m1i,109,7b687sr7,0,,InitializeParticipant,1757416604,1,0,0
gyk14m1i,64,yggm7zwx,19,design_exp,QuestionPage,1757416605,3,0,0
gyk14m1i,110,dcwkv9e6,0,,InitializeParticipant,1757416605,1,0,0
gyk14m1i,111,xk05y1vj,0,,InitializeParticipant,1757416606,1,0,0
gyk14m1i,79,qvpjm66e,1,design_exp,Instructions_WelcomeScreen,1757416606,1,0,0
gyk14m1i,86,zcqgfmm2,1,design_exp,Instructions_WelcomeScreen,1757416606,1,0,0
gyk14m1i,70,k7x7ijs5,1,design_exp,Instructions_WelcomeScreen,1757416606,1,0,0
gyk14m1i,112,26qqpdoe,0,,InitializeParticipant,1757416607,1,0,0
gyk14m1i,72,dddjz8c2,11,design_exp,QuestionPage,1757416607,2,0,0
gyk14m1i,113,j0kag7du,0,,InitializeParticipant,1757416607,1,0,0
gyk14m1i,114,42w9eogh,0,,InitializeParticipant,1757416608,1,0,0
gyk14m1i,115,a02k697i,0,,InitializeParticipant,1757416608,1,0,0
gyk14m1i,95,f1swkbh4,1,design_exp,Instructions_WelcomeScreen,1757416609,1,0,0
gyk14m1i,116,f8yeic2s,0,,InitializeParticipant,1757416609,1,0,0
gyk14m1i,117,loou49iq,0,,InitializeParticipant,1757416609,1,0,0
gyk14m1i,118,8sedb38r,0,,InitializeParticipant,1757416609,1,0,0
gyk14m1i,119,pkbhua8j,0,,InitializeParticipant,1757416610,1,0,0
gyk14m1i,120,045y9tee,0,,InitializeParticipant,1757416610,1,0,0
gyk14m1i,121,5gtzmfa8,0,,InitializeParticipant,1757416613,1,0,0
gyk14m1i,88,d59tocqz,1,design_exp,Instructions_WelcomeScreen,1757416613,1,0,0
gyk14m1i,122,dv3wut6p,0,,InitializeParticipant,1757416613,1,0,0
gyk14m1i,123,dzblqzip,0,,InitializeParticipant,1757416613,1,0,0
gyk14m1i,108,tjh7rt4i,1,design_exp,Instructions_WelcomeScreen,1757416614,1,0,0
gyk14m1i,91,nmxgdgi8,1,design_exp,Instructions_WelcomeScreen,1757416614,1,0,0
gyk14m1i,81,u1bjxhr0,11,design_exp,QuestionPage,1757416615,2,0,0
gyk14m1i,101,5t824poa,1,design_exp,Instructions_WelcomeScreen,1757416616,1,0,0
gyk14m1i,124,4diegn6p,0,,InitializeParticipant,1757416617,1,0,0
gyk14m1i,60,egmbb8rx,11,design_exp,QuestionPage,1757416618,2,0,0
gyk14m1i,125,w1uij58e,0,,InitializeParticipant,1757416619,1,0,0
gyk14m1i,126,2pvgof39,0,,InitializeParticipant,1757416619,1,0,0
gyk14m1i,61,2b6z8idj,11,design_exp,QuestionPage,1757416619,2,0,0
gyk14m1i,127,n3ep0qpx,0,,InitializeParticipant,1757416620,1,0,0
gyk14m1i,82,a13spce8,1,design_exp,Instructions_WelcomeScreen,1757416621,1,0,0
gyk14m1i,83,2p9yfdxb,1,design_exp,Instructions_WelcomeScreen,1757416621,1,0,0
gyk14m1i,128,1amlxszi,0,,InitializeParticipant,1757416621,1,0,0
gyk14m1i,118,8sedb38r,1,design_exp,Instructions_WelcomeScreen,1757416621,1,0,0
gyk14m1i,105,9alruytk,1,design_exp,Instructions_WelcomeScreen,1757416622,1,0,0
gyk14m1i,129,zpyg4jny,0,,InitializeParticipant,1757416622,1,0,0
gyk14m1i,87,0nnyqrzm,1,design_exp,Instructions_WelcomeScreen,1757416623,1,0,0
gyk14m1i,107,h0bwiiwp,1,design_exp,Instructions_WelcomeScreen,1757416624,1,0,0
gyk14m1i,115,a02k697i,1,design_exp,Instructions_WelcomeScreen,1757416624,1,0,0
gyk14m1i,130,5ucnlqe0,0,,InitializeParticipant,1757416624,1,0,0
gyk14m1i,131,rs4tn975,0,,InitializeParticipant,1757416625,1,0,0
gyk14m1i,110,dcwkv9e6,1,design_exp,Instructions_WelcomeScreen,1757416625,1,0,0
gyk14m1i,73,3oagklp3,1,design_exp,Instructions_WelcomeScreen,1757416625,1,0,0
gyk14m1i,80,3p54j8xb,1,design_exp,Instructions_WelcomeScreen,1757416625,1,0,0
gyk14m1i,85,gr2edsln,11,design_exp,QuestionPage,1757416625,2,0,0
gyk14m1i,132,6rk5gg1g,0,,InitializeParticipant,1757416626,1,0,0
gyk14m1i,99,016fy736,1,design_exp,Instructions_WelcomeScreen,1757416626,1,0,0
gyk14m1i,96,z2aw429m,1,design_exp,Instructions_WelcomeScreen,1757416626,1,0,0
gyk14m1i,63,wdahmu3p,1,design_exp,Instructions_WelcomeScreen,1757416627,1,0,0
gyk14m1i,133,2tp48x4k,0,,InitializeParticipant,1757416627,1,0,0
gyk14m1i,124,4diegn6p,1,design_exp,Instructions_WelcomeScreen,1757416628,1,0,0
gyk14m1i,84,aiv2tw1h,11,design_exp,QuestionPage,1757416628,2,0,0
gyk14m1i,78,861gjeo0,1,design_exp,Instructions_WelcomeScreen,1757416629,1,0,0
gyk14m1i,134,0gwqalql,0,,InitializeParticipant,1757416632,1,0,0
gyk14m1i,109,7b687sr7,1,design_exp,Instructions_WelcomeScreen,1757416633,1,0,0
gyk14m1i,92,znoqiaml,1,design_exp,Instructions_WelcomeScreen,1757416633,1,0,0
gyk14m1i,116,f8yeic2s,1,design_exp,Instructions_WelcomeScreen,1757416633,1,0,0
gyk14m1i,100,0f84snti,1,design_exp,Instructions_WelcomeScreen,1757416634,1,0,0
gyk14m1i,132,6rk5gg1g,1,design_exp,Instructions_WelcomeScreen,1757416634,1,0,0
gyk14m1i,127,n3ep0qpx,1,design_exp,Instructions_WelcomeScreen,1757416635,1,0,0
gyk14m1i,67,3gmuwl3z,11,design_exp,QuestionPage,1757416636,2,0,0
gyk14m1i,71,a8hrssj5,11,design_exp,QuestionPage,1757416636,2,0,0
gyk14m1i,104,jz3gfzxv,1,design_exp,Instructions_WelcomeScreen,1757416636,1,0,0
gyk14m1i,76,mlzpvf57,1,design_exp,Instructions_WelcomeScreen,1757416637,1,0,0
gyk14m1i,136,zmrcmgji,0,,InitializeParticipant,1757416637,1,0,0
gyk14m1i,68,a311zfx2,11,design_exp,QuestionPage,1757416638,2,0,0
gyk14m1i,137,l4mx7sh0,0,,InitializeParticipant,1757416638,1,0,0
gyk14m1i,120,045y9tee,1,design_exp,Instructions_WelcomeScreen,1757416638,1,0,0
gyk14m1i,138,6jmuncv1,0,,InitializeParticipant,1757416638,1,0,0
gyk14m1i,110,dcwkv9e6,11,design_exp,QuestionPage,1757416638,2,0,0
gyk14m1i,112,26qqpdoe,1,design_exp,Instructions_WelcomeScreen,1757416638,1,0,0
gyk14m1i,66,zd2elm53,1,design_exp,Instructions_WelcomeScreen,1757416639,1,0,0
gyk14m1i,103,b91oij74,1,design_exp,Instructions_WelcomeScreen,1757416640,1,0,0
gyk14m1i,111,xk05y1vj,1,design_exp,Instructions_WelcomeScreen,1757416640,1,0,0
gyk14m1i,86,zcqgfmm2,11,design_exp,QuestionPage,1757416640,2,0,0
gyk14m1i,95,f1swkbh4,11,design_exp,QuestionPage,1757416641,2,0,0
gyk14m1i,125,w1uij58e,1,design_exp,Instructions_WelcomeScreen,1757416641,1,0,0
gyk14m1i,108,tjh7rt4i,11,design_exp,QuestionPage,1757416642,2,0,0
gyk14m1i,91,nmxgdgi8,11,design_exp,QuestionPage,1757416642,2,0,0
gyk14m1i,122,dv3wut6p,1,design_exp,Instructions_WelcomeScreen,1757416643,1,0,0
gyk14m1i,114,42w9eogh,1,design_exp,Instructions_WelcomeScreen,1757416643,1,0,0
gyk14m1i,123,dzblqzip,1,design_exp,Instructions_WelcomeScreen,1757416643,1,0,0
gyk14m1i,119,pkbhua8j,1,design_exp,Instructions_WelcomeScreen,1757416645,1,0,0
gyk14m1i,72,dddjz8c2,19,design_exp,QuestionPage,1757416645,3,0,0
gyk14m1i,97,ndlwp8yc,1,design_exp,Instructions_WelcomeScreen,1757416646,1,0,0
gyk14m1i,88,d59tocqz,11,design_exp,QuestionPage,1757416646,2,0,0
gyk14m1i,115,a02k697i,11,design_exp,QuestionPage,1757416647,2,0,0
gyk14m1i,121,5gtzmfa8,1,design_exp,Instructions_WelcomeScreen,1757416647,1,0,0
gyk14m1i,71,a8hrssj5,19,design_exp,QuestionPage,1757416648,3,0,0
gyk14m1i,133,2tp48x4k,1,design_exp,Instructions_WelcomeScreen,1757416648,1,0,0
gyk14m1i,73,3oagklp3,11,design_exp,QuestionPage,1757416648,2,0,0
gyk14m1i,91,nmxgdgi8,19,design_exp,QuestionPage,1757416650,3,0,0
gyk14m1i,109,7b687sr7,11,design_exp,QuestionPage,1757416650,2,0,0
gyk14m1i,132,6rk5gg1g,11,design_exp,QuestionPage,1757416651,2,0,0
gyk14m1i,95,f1swkbh4,19,design_exp,QuestionPage,1757416651,3,0,0
gyk14m1i,61,2b6z8idj,19,design_exp,QuestionPage,1757416651,3,0,0
gyk14m1i,99,016fy736,11,design_exp,QuestionPage,1757416651,2,0,0
gyk14m1i,94,8a70oopu,1,design_exp,Instructions_WelcomeScreen,1757416651,1,0,0
gyk14m1i,102,sfbmn01y,1,design_exp,Instructions_WelcomeScreen,1757416652,1,0,0
gyk14m1i,68,a311zfx2,19,design_exp,QuestionPage,1757416653,3,0,0
gyk14m1i,130,5ucnlqe0,1,design_exp,Instructions_WelcomeScreen,1757416653,1,0,0
gyk14m1i,86,zcqgfmm2,19,design_exp,QuestionPage,1757416653,3,0,0
gyk14m1i,128,1amlxszi,1,design_exp,Instructions_WelcomeScreen,1757416655,1,0,0
gyk14m1i,76,mlzpvf57,11,design_exp,QuestionPage,1757416655,2,0,0
gyk14m1i,139,39a3sfxm,0,,InitializeParticipant,1757416655,1,0,0
gyk14m1i,136,zmrcmgji,1,design_exp,Instructions_WelcomeScreen,1757416656,1,0,0
gyk14m1i,140,x6qtfaio,0,,InitializeParticipant,1757416656,1,0,0
gyk14m1i,126,2pvgof39,1,design_exp,Instructions_WelcomeScreen,1757416657,1,0,0
gyk14m1i,106,g7emliy5,1,design_exp,Instructions_WelcomeScreen,1757416658,1,0,0
gyk14m1i,131,rs4tn975,1,design_exp,Instructions_WelcomeScreen,1757416658,1,0,0
gyk14m1i,61,2b6z8idj,27,design_exp,QuestionPage,1757416658,4,0,0
gyk14m1i,90,f2ph7iaf,1,design_exp,Instructions_WelcomeScreen,1757416658,1,0,0
gyk14m1i,141,zfil9us9,0,,InitializeParticipant,1757416658,1,0,0
gyk14m1i,72,dddjz8c2,27,design_exp,QuestionPage,1757416659,4,0,0
gyk14m1i,65,vu3hdc79,1,design_exp,Instructions_WelcomeScreen,1757416659,1,0,0
gyk14m1i,103,b91oij74,11,design_exp,QuestionPage,1757416659,2,0,0
gyk14m1i,129,zpyg4jny,1,design_exp,Instructions_WelcomeScreen,1757416659,1,0,0
gyk14m1i,132,6rk5gg1g,19,design_exp,QuestionPage,1757416660,3,0,0
gyk14m1i,138,6jmuncv1,1,design_exp,Instructions_WelcomeScreen,1757416660,1,0,0
gyk14m1i,108,tjh7rt4i,19,design_exp,QuestionPage,1757416660,3,0,0
gyk14m1i,60,egmbb8rx,19,design_exp,QuestionPage,1757416661,3,0,0
gyk14m1i,114,42w9eogh,11,design_exp,QuestionPage,1757416661,2,0,0
gyk14m1i,70,k7x7ijs5,11,design_exp,QuestionPage,1757416661,2,0,0
gyk14m1i,101,5t824poa,11,design_exp,QuestionPage,1757416662,2,0,0
gyk14m1i,134,0gwqalql,1,design_exp,Instructions_WelcomeScreen,1757416662,1,0,0
gyk14m1i,84,aiv2tw1h,19,design_exp,QuestionPage,1757416663,3,0,0
gyk14m1i,91,nmxgdgi8,27,design_exp,QuestionPage,1757416663,4,0,0
gyk14m1i,124,4diegn6p,11,design_exp,QuestionPage,1757416664,2,0,0
gyk14m1i,132,6rk5gg1g,27,design_exp,QuestionPage,1757416664,4,0,0
gyk14m1i,78,861gjeo0,11,design_exp,QuestionPage,1757416666,2,0,0
gyk14m1i,107,h0bwiiwp,11,design_exp,QuestionPage,1757416666,2,0,0
gyk14m1i,86,zcqgfmm2,27,design_exp,QuestionPage,1757416666,4,0,0
gyk14m1i,73,3oagklp3,19,design_exp,QuestionPage,1757416666,3,0,0
gyk14m1i,85,gr2edsln,19,design_exp,QuestionPage,1757416667,3,0,0
gyk14m1i,142,0r3k7uhj,0,,InitializeParticipant,1757416667,1,0,0
gyk14m1i,87,0nnyqrzm,11,design_exp,QuestionPage,1757416669,2,0,0
gyk14m1i,143,hoq34fy1,0,,InitializeParticipant,1757416669,1,0,0
gyk14m1i,121,5gtzmfa8,11,design_exp,QuestionPage,1757416669,2,0,0
gyk14m1i,123,dzblqzip,11,design_exp,QuestionPage,1757416670,2,0,0
gyk14m1i,109,7b687sr7,19,design_exp,QuestionPage,1757416670,3,0,0
gyk14m1i,102,sfbmn01y,11,design_exp,QuestionPage,1757416670,2,0,0
gyk14m1i,91,nmxgdgi8,35,design_exp,QuestionPage,1757416671,5,0,0
gyk14m1i,65,vu3hdc79,11,design_exp,QuestionPage,1757416673,2,0,0
gyk14m1i,140,x6qtfaio,1,design_exp,Instructions_WelcomeScreen,1757416674,1,0,0
gyk14m1i,101,5t824poa,19,design_exp,QuestionPage,1757416675,3,0,0
gyk14m1i,98,ofqdyk1q,1,design_exp,Instructions_WelcomeScreen,1757416676,1,0,0
gyk14m1i,64,yggm7zwx,27,design_exp,QuestionPage,1757416678,4,0,0
gyk14m1i,126,2pvgof39,11,design_exp,QuestionPage,1757416678,2,0,0
gyk14m1i,87,0nnyqrzm,19,design_exp,QuestionPage,1757416679,3,0,0
gyk14m1i,136,zmrcmgji,11,design_exp,QuestionPage,1757416679,2,0,0
gyk14m1i,73,3oagklp3,27,design_exp,QuestionPage,1757416680,4,0,0
gyk14m1i,92,znoqiaml,11,design_exp,QuestionPage,1757416680,2,0,0
gyk14m1i,85,gr2edsln,27,design_exp,QuestionPage,1757416681,4,0,0
gyk14m1i,95,f1swkbh4,27,design_exp,QuestionPage,1757416682,4,0,0
gyk14m1i,114,42w9eogh,19,design_exp,QuestionPage,1757416682,3,0,0
gyk14m1i,119,pkbhua8j,11,design_exp,QuestionPage,1757416683,2,0,0
gyk14m1i,137,l4mx7sh0,1,design_exp,Instructions_WelcomeScreen,1757416685,1,0,0
gyk14m1i,63,wdahmu3p,11,design_exp,QuestionPage,1757416685,2,0,0
gyk14m1i,61,2b6z8idj,35,design_exp,QuestionPage,1757416685,5,0,0
gyk14m1i,84,aiv2tw1h,27,design_exp,QuestionPage,1757416685,4,0,0
gyk14m1i,141,zfil9us9,1,design_exp,Instructions_WelcomeScreen,1757416687,1,0,0
gyk14m1i,104,jz3gfzxv,11,design_exp,QuestionPage,1757416687,2,0,0
gyk14m1i,143,hoq34fy1,1,design_exp,Instructions_WelcomeScreen,1757416687,1,0,0
gyk14m1i,96,z2aw429m,11,design_exp,QuestionPage,1757416688,2,0,0
gyk14m1i,144,kdfk209n,0,,InitializeParticipant,1757416688,1,0,0
gyk14m1i,98,ofqdyk1q,11,design_exp,QuestionPage,1757416690,2,0,0
gyk14m1i,90,f2ph7iaf,11,design_exp,QuestionPage,1757416690,2,0,0
gyk14m1i,126,2pvgof39,19,design_exp,QuestionPage,1757416691,3,0,0
gyk14m1i,123,dzblqzip,19,design_exp,QuestionPage,1757416692,3,0,0
gyk14m1i,103,b91oij74,19,design_exp,QuestionPage,1757416694,3,0,0
gyk14m1i,65,vu3hdc79,19,design_exp,QuestionPage,1757416694,3,0,0
gyk14m1i,142,0r3k7uhj,1,design_exp,Instructions_WelcomeScreen,1757416695,1,0,0
gyk14m1i,71,a8hrssj5,27,design_exp,QuestionPage,1757416695,4,0,0
gyk14m1i,101,5t824poa,27,design_exp,QuestionPage,1757416695,4,0,0
gyk14m1i,86,zcqgfmm2,35,design_exp,QuestionPage,1757416695,5,0,0
gyk14m1i,87,0nnyqrzm,27,design_exp,QuestionPage,1757416695,4,0,0
gyk14m1i,116,f8yeic2s,11,design_exp,QuestionPage,1757416696,2,0,0
gyk14m1i,138,6jmuncv1,11,design_exp,QuestionPage,1757416696,2,0,0
gyk14m1i,110,dcwkv9e6,19,design_exp,QuestionPage,1757416697,3,0,0
gyk14m1i,128,1amlxszi,11,design_exp,QuestionPage,1757416698,2,0,0
gyk14m1i,144,kdfk209n,1,design_exp,Instructions_WelcomeScreen,1757416699,1,0,0
gyk14m1i,120,045y9tee,11,design_exp,QuestionPage,1757416700,2,0,0
gyk14m1i,96,z2aw429m,19,design_exp,QuestionPage,1757416701,3,0,0
gyk14m1i,141,zfil9us9,11,design_exp,QuestionPage,1757416702,2,0,0
gyk14m1i,97,ndlwp8yc,11,design_exp,QuestionPage,1757416704,2,0,0
gyk14m1i,119,pkbhua8j,19,design_exp,QuestionPage,1757416704,3,0,0
gyk14m1i,140,x6qtfaio,11,design_exp,QuestionPage,1757416704,2,0,0
gyk14m1i,109,7b687sr7,27,design_exp,QuestionPage,1757416705,4,0,0
gyk14m1i,73,3oagklp3,35,design_exp,QuestionPage,1757416706,5,0,0
gyk14m1i,64,yggm7zwx,35,design_exp,QuestionPage,1757416707,5,0,0
gyk14m1i,70,k7x7ijs5,19,design_exp,QuestionPage,1757416708,3,0,0
gyk14m1i,61,2b6z8idj,43,design_exp,QuestionPage,1757416708,6,0,0
gyk14m1i,139,39a3sfxm,1,design_exp,Instructions_WelcomeScreen,1757416709,1,0,0
gyk14m1i,106,g7emliy5,11,design_exp,QuestionPage,1757416710,2,0,0
gyk14m1i,86,zcqgfmm2,43,design_exp,QuestionPage,1757416710,6,0,0
gyk14m1i,145,p3rs5236,0,,InitializeParticipant,1757416710,1,0,0
gyk14m1i,95,f1swkbh4,35,design_exp,QuestionPage,1757416711,5,0,0
gyk14m1i,72,dddjz8c2,35,design_exp,QuestionPage,1757416711,5,0,0
gyk14m1i,114,42w9eogh,27,design_exp,QuestionPage,1757416711,4,0,0
gyk14m1i,63,wdahmu3p,19,design_exp,QuestionPage,1757416712,3,0,0
gyk14m1i,123,dzblqzip,27,design_exp,QuestionPage,1757416712,4,0,0
gyk14m1i,110,dcwkv9e6,27,design_exp,QuestionPage,1757416712,4,0,0
gyk14m1i,138,6jmuncv1,19,design_exp,QuestionPage,1757416713,3,0,0
gyk14m1i,64,yggm7zwx,43,design_exp,QuestionPage,1757416714,6,0,0
gyk14m1i,103,b91oij74,27,design_exp,QuestionPage,1757416714,4,0,0
gyk14m1i,108,tjh7rt4i,27,design_exp,QuestionPage,1757416714,4,0,0
gyk14m1i,120,045y9tee,19,design_exp,QuestionPage,1757416715,3,0,0
gyk14m1i,142,0r3k7uhj,11,design_exp,QuestionPage,1757416715,2,0,0
gyk14m1i,85,gr2edsln,35,design_exp,QuestionPage,1757416716,5,0,0
gyk14m1i,83,2p9yfdxb,11,design_exp,QuestionPage,1757416718,2,0,0
gyk14m1i,98,ofqdyk1q,19,design_exp,QuestionPage,1757416719,3,0,0
gyk14m1i,72,dddjz8c2,43,design_exp,QuestionPage,1757416719,6,0,0
gyk14m1i,105,9alruytk,11,design_exp,QuestionPage,1757416719,2,0,0
gyk14m1i,137,l4mx7sh0,11,design_exp,QuestionPage,1757416720,2,0,0
gyk14m1i,86,zcqgfmm2,51,design_exp,QuestionPage,1757416723,7,0,0
gyk14m1i,110,dcwkv9e6,35,design_exp,QuestionPage,1757416723,5,0,0
gyk14m1i,107,h0bwiiwp,19,design_exp,QuestionPage,1757416724,3,0,0
gyk14m1i,123,dzblqzip,35,design_exp,QuestionPage,1757416725,5,0,0
gyk14m1i,146,oj0epeqt,0,,InitializeParticipant,1757416725,1,0,0
gyk14m1i,118,8sedb38r,11,design_exp,QuestionPage,1757416726,2,0,0
gyk14m1i,65,vu3hdc79,27,design_exp,QuestionPage,1757416727,4,0,0
gyk14m1i,73,3oagklp3,43,design_exp,QuestionPage,1757416727,6,0,0
gyk14m1i,144,kdfk209n,11,design_exp,QuestionPage,1757416727,2,0,0
gyk14m1i,136,zmrcmgji,19,design_exp,QuestionPage,1757416727,3,0,0
gyk14m1i,145,p3rs5236,1,design_exp,Instructions_WelcomeScreen,1757416730,1,0,0
gyk14m1i,92,znoqiaml,19,design_exp,QuestionPage,1757416732,3,0,0
gyk14m1i,64,yggm7zwx,51,design_exp,QuestionPage,1757416733,7,0,0
gyk14m1i,87,0nnyqrzm,35,design_exp,QuestionPage,1757416733,5,0,0
gyk14m1i,85,gr2edsln,43,design_exp,QuestionPage,1757416734,6,0,0
gyk14m1i,81,u1bjxhr0,19,design_exp,QuestionPage,1757416735,3,0,0
gyk14m1i,104,jz3gfzxv,19,design_exp,QuestionPage,1757416735,3,0,0
gyk14m1i,84,aiv2tw1h,35,design_exp,QuestionPage,1757416735,5,0,0
gyk14m1i,139,39a3sfxm,11,design_exp,QuestionPage,1757416736,2,0,0
gyk14m1i,134,0gwqalql,11,design_exp,QuestionPage,1757416737,2,0,0
gyk14m1i,114,42w9eogh,35,design_exp,QuestionPage,1757416737,5,0,0
gyk14m1i,126,2pvgof39,27,design_exp,QuestionPage,1757416737,4,0,0
gyk14m1i,128,1amlxszi,19,design_exp,QuestionPage,1757416738,3,0,0
gyk14m1i,79,qvpjm66e,11,design_exp,QuestionPage,1757416738,2,0,0
gyk14m1i,106,g7emliy5,19,design_exp,QuestionPage,1757416738,3,0,0
gyk14m1i,75,h1z5av71,11,design_exp,QuestionPage,1757416739,2,0,0
gyk14m1i,127,n3ep0qpx,11,design_exp,QuestionPage,1757416740,2,0,0
gyk14m1i,60,egmbb8rx,27,design_exp,QuestionPage,1757416740,4,0,0
gyk14m1i,144,kdfk209n,19,design_exp,QuestionPage,1757416741,3,0,0
gyk14m1i,116,f8yeic2s,19,design_exp,QuestionPage,1757416741,3,0,0
gyk14m1i,73,3oagklp3,51,design_exp,QuestionPage,1757416741,7,0,0
gyk14m1i,120,045y9tee,27,design_exp,QuestionPage,1757416741,4,0,0
gyk14m1i,99,016fy736,19,design_exp,QuestionPage,1757416742,3,0,0
gyk14m1i,109,7b687sr7,35,design_exp,QuestionPage,1757416743,5,0,0
gyk14m1i,147,gxg5zpog,0,,InitializeParticipant,1757416743,1,0,0
gyk14m1i,130,5ucnlqe0,11,design_exp,QuestionPage,1757416744,2,0,0
gyk14m1i,146,oj0epeqt,1,design_exp,Instructions_WelcomeScreen,1757416744,1,0,0
gyk14m1i,110,dcwkv9e6,43,design_exp,QuestionPage,1757416745,6,0,0
gyk14m1i,86,zcqgfmm2,59,design_exp,QuestionPage,1757416746,8,0,0
gyk14m1i,107,h0bwiiwp,27,design_exp,QuestionPage,1757416746,4,0,0
gyk14m1i,61,2b6z8idj,51,design_exp,QuestionPage,1757416748,7,0,0
gyk14m1i,118,8sedb38r,19,design_exp,QuestionPage,1757416748,3,0,0
gyk14m1i,124,4diegn6p,19,design_exp,QuestionPage,1757416748,3,0,0
gyk14m1i,139,39a3sfxm,19,design_exp,QuestionPage,1757416749,3,0,0
gyk14m1i,97,ndlwp8yc,19,design_exp,QuestionPage,1757416750,3,0,0
gyk14m1i,60,egmbb8rx,35,design_exp,QuestionPage,1757416751,5,0,0
gyk14m1i,81,u1bjxhr0,27,design_exp,QuestionPage,1757416751,4,0,0
gyk14m1i,108,tjh7rt4i,35,design_exp,QuestionPage,1757416752,5,0,0
gyk14m1i,123,dzblqzip,43,design_exp,QuestionPage,1757416752,6,0,0
gyk14m1i,114,42w9eogh,43,design_exp,QuestionPage,1757416753,6,0,0
gyk14m1i,130,5ucnlqe0,19,design_exp,QuestionPage,1757416753,3,0,0
gyk14m1i,63,wdahmu3p,27,design_exp,QuestionPage,1757416755,4,0,0
gyk14m1i,109,7b687sr7,43,design_exp,QuestionPage,1757416758,6,0,0
gyk14m1i,140,x6qtfaio,19,design_exp,QuestionPage,1757416758,3,0,0
gyk14m1i,136,zmrcmgji,27,design_exp,QuestionPage,1757416758,4,0,0
gyk14m1i,70,k7x7ijs5,27,design_exp,QuestionPage,1757416758,4,0,0
gyk14m1i,96,z2aw429m,27,design_exp,QuestionPage,1757416759,4,0,0
gyk14m1i,73,3oagklp3,59,design_exp,QuestionPage,1757416760,8,0,0
gyk14m1i,85,gr2edsln,51,design_exp,QuestionPage,1757416760,7,0,0
gyk14m1i,94,8a70oopu,11,design_exp,QuestionPage,1757416760,2,0,0
gyk14m1i,75,h1z5av71,19,design_exp,QuestionPage,1757416760,3,0,0
gyk14m1i,114,42w9eogh,51,design_exp,QuestionPage,1757416760,7,0,0
gyk14m1i,79,qvpjm66e,19,design_exp,QuestionPage,1757416761,3,0,0
gyk14m1i,148,0tpl9jgb,0,,InitializeParticipant,1757416761,1,0,0
gyk14m1i,141,zfil9us9,19,design_exp,QuestionPage,1757416762,3,0,0
gyk14m1i,142,0r3k7uhj,19,design_exp,QuestionPage,1757416762,3,0,0
gyk14m1i,119,pkbhua8j,27,design_exp,QuestionPage,1757416762,4,0,0
gyk14m1i,78,861gjeo0,19,design_exp,QuestionPage,1757416763,3,0,0
gyk14m1i,116,f8yeic2s,27,design_exp,QuestionPage,1757416764,4,0,0
gyk14m1i,83,2p9yfdxb,19,design_exp,QuestionPage,1757416765,3,0,0
gyk14m1i,101,5t824poa,35,design_exp,QuestionPage,1757416766,5,0,0
gyk14m1i,114,42w9eogh,59,design_exp,QuestionPage,1757416766,8,0,0
gyk14m1i,87,0nnyqrzm,43,design_exp,QuestionPage,1757416766,6,0,0
gyk14m1i,65,vu3hdc79,35,design_exp,QuestionPage,1757416768,5,0,0
gyk14m1i,106,g7emliy5,27,design_exp,QuestionPage,1757416769,4,0,0
gyk14m1i,70,k7x7ijs5,35,design_exp,QuestionPage,1757416770,5,0,0
gyk14m1i,92,znoqiaml,27,design_exp,QuestionPage,1757416770,4,0,0
gyk14m1i,112,26qqpdoe,11,design_exp,QuestionPage,1757416771,2,0,0
gyk14m1i,148,0tpl9jgb,1,design_exp,Instructions_WelcomeScreen,1757416772,1,0,0
gyk14m1i,98,ofqdyk1q,27,design_exp,QuestionPage,1757416772,4,0,0
gyk14m1i,107,h0bwiiwp,35,design_exp,QuestionPage,1757416773,5,0,0
gyk14m1i,63,wdahmu3p,35,design_exp,QuestionPage,1757416774,5,0,0
gyk14m1i,137,l4mx7sh0,19,design_exp,QuestionPage,1757416776,3,0,0
gyk14m1i,79,qvpjm66e,27,design_exp,QuestionPage,1757416776,4,0,0
gyk14m1i,86,zcqgfmm2,67,design_exp,QuestionPage,1757416778,9,0,0
gyk14m1i,139,39a3sfxm,27,design_exp,QuestionPage,1757416778,4,0,0
gyk14m1i,105,9alruytk,19,design_exp,QuestionPage,1757416778,3,0,0
gyk14m1i,111,xk05y1vj,11,design_exp,QuestionPage,1757416779,2,0,0
gyk14m1i,85,gr2edsln,59,design_exp,QuestionPage,1757416779,8,0,0
gyk14m1i,142,0r3k7uhj,27,design_exp,QuestionPage,1757416779,4,0,0
gyk14m1i,123,dzblqzip,51,design_exp,QuestionPage,1757416780,7,0,0
gyk14m1i,96,z2aw429m,35,design_exp,QuestionPage,1757416781,5,0,0
gyk14m1i,91,nmxgdgi8,43,design_exp,QuestionPage,1757416783,6,0,0
gyk14m1i,114,42w9eogh,67,design_exp,QuestionPage,1757416783,9,0,0
gyk14m1i,119,pkbhua8j,35,design_exp,QuestionPage,1757416783,5,0,0
gyk14m1i,92,znoqiaml,35,design_exp,QuestionPage,1757416784,5,0,0
gyk14m1i,97,ndlwp8yc,27,design_exp,QuestionPage,1757416784,4,0,0
gyk14m1i,104,jz3gfzxv,27,design_exp,QuestionPage,1757416784,4,0,0
gyk14m1i,81,u1bjxhr0,35,design_exp,QuestionPage,1757416785,5,0,0
gyk14m1i,130,5ucnlqe0,27,design_exp,QuestionPage,1757416786,4,0,0
gyk14m1i,99,016fy736,27,design_exp,QuestionPage,1757416786,4,0,0
gyk14m1i,128,1amlxszi,27,design_exp,QuestionPage,1757416787,4,0,0
gyk14m1i,85,gr2edsln,67,design_exp,QuestionPage,1757416788,9,0,0
gyk14m1i,63,wdahmu3p,43,design_exp,QuestionPage,1757416789,6,0,0
gyk14m1i,129,zpyg4jny,11,design_exp,QuestionPage,1757416789,2,0,0
gyk14m1i,98,ofqdyk1q,35,design_exp,QuestionPage,1757416789,5,0,0
gyk14m1i,86,zcqgfmm2,75,design_exp,QuestionPage,1757416789,10,0,0
gyk14m1i,140,x6qtfaio,27,design_exp,QuestionPage,1757416791,4,0,0
gyk14m1i,120,045y9tee,35,design_exp,QuestionPage,1757416791,5,0,0
gyk14m1i,91,nmxgdgi8,51,design_exp,QuestionPage,1757416791,7,0,0
gyk14m1i,75,h1z5av71,27,design_exp,QuestionPage,1757416791,4,0,0
gyk14m1i,73,3oagklp3,67,design_exp,QuestionPage,1757416792,9,0,0
gyk14m1i,96,z2aw429m,43,design_exp,QuestionPage,1757416792,6,0,0
gyk14m1i,118,8sedb38r,27,design_exp,QuestionPage,1757416794,4,0,0
gyk14m1i,78,861gjeo0,27,design_exp,QuestionPage,1757416794,4,0,0
gyk14m1i,92,znoqiaml,43,design_exp,QuestionPage,1757416795,6,0,0
gyk14m1i,72,dddjz8c2,51,design_exp,QuestionPage,1757416795,7,0,0
gyk14m1i,142,0r3k7uhj,35,design_exp,QuestionPage,1757416795,5,0,0
gyk14m1i,141,zfil9us9,27,design_exp,QuestionPage,1757416796,4,0,0
gyk14m1i,86,zcqgfmm2,83,design_exp,QuestionPage,1757416797,11,0,0
gyk14m1i,116,f8yeic2s,35,design_exp,QuestionPage,1757416797,5,0,0
gyk14m1i,146,oj0epeqt,11,design_exp,QuestionPage,1757416798,2,0,0
gyk14m1i,68,a311zfx2,27,design_exp,QuestionPage,1757416798,4,0,0
gyk14m1i,79,qvpjm66e,35,design_exp,QuestionPage,1757416799,5,0,0
gyk14m1i,147,gxg5zpog,1,design_exp,Instructions_WelcomeScreen,1757416799,1,0,0
gyk14m1i,119,pkbhua8j,43,design_exp,QuestionPage,1757416799,6,0,0
gyk14m1i,104,jz3gfzxv,35,design_exp,QuestionPage,1757416800,5,0,0
gyk14m1i,112,26qqpdoe,19,design_exp,QuestionPage,1757416802,3,0,0
gyk14m1i,73,3oagklp3,75,design_exp,QuestionPage,1757416802,10,0,0
gyk14m1i,105,9alruytk,27,design_exp,QuestionPage,1757416802,4,0,0
gyk14m1i,87,0nnyqrzm,51,design_exp,QuestionPage,1757416804,7,0,0
gyk14m1i,111,xk05y1vj,19,design_exp,QuestionPage,1757416804,3,0,0
gyk14m1i,70,k7x7ijs5,43,design_exp,QuestionPage,1757416805,6,0,0
gyk14m1i,106,g7emliy5,35,design_exp,QuestionPage,1757416806,5,0,0
gyk14m1i,137,l4mx7sh0,27,design_exp,QuestionPage,1757416806,4,0,0
gyk14m1i,144,kdfk209n,27,design_exp,QuestionPage,1757416806,4,0,0
gyk14m1i,149,mbi1ll5s,0,,InitializeParticipant,1757416806,1,0,0
gyk14m1i,99,016fy736,35,design_exp,QuestionPage,1757416807,5,0,0
gyk14m1i,114,42w9eogh,75,design_exp,QuestionPage,1757416807,10,0,0
gyk14m1i,124,4diegn6p,27,design_exp,QuestionPage,1757416808,4,0,0
gyk14m1i,67,3gmuwl3z,19,design_exp,QuestionPage,1757416808,3,0,0
gyk14m1i,116,f8yeic2s,43,design_exp,QuestionPage,1757416810,6,0,0
gyk14m1i,139,39a3sfxm,35,design_exp,QuestionPage,1757416812,5,0,0
gyk14m1i,90,f2ph7iaf,19,design_exp,QuestionPage,1757416812,3,0,0
gyk14m1i,104,jz3gfzxv,43,design_exp,QuestionPage,1757416812,6,0,0
gyk14m1i,120,045y9tee,43,design_exp,QuestionPage,1757416813,6,0,0
gyk14m1i,98,ofqdyk1q,43,design_exp,QuestionPage,1757416815,6,0,0
gyk14m1i,96,z2aw429m,51,design_exp,QuestionPage,1757416817,7,0,0
gyk14m1i,73,3oagklp3,83,design_exp,QuestionPage,1757416817,11,0,0
gyk14m1i,63,wdahmu3p,51,design_exp,QuestionPage,1757416817,7,0,0
gyk14m1i,86,zcqgfmm2,91,design_exp,QuestionPage,1757416819,12,0,0
gyk14m1i,129,zpyg4jny,19,design_exp,QuestionPage,1757416819,3,0,0
gyk14m1i,116,f8yeic2s,51,design_exp,QuestionPage,1757416819,7,0,0
gyk14m1i,144,kdfk209n,35,design_exp,QuestionPage,1757416820,5,0,0
gyk14m1i,114,42w9eogh,83,design_exp,QuestionPage,1757416820,11,0,0
gyk14m1i,108,tjh7rt4i,43,design_exp,QuestionPage,1757416821,6,0,0
gyk14m1i,130,5ucnlqe0,35,design_exp,QuestionPage,1757416822,5,0,0
gyk14m1i,83,2p9yfdxb,27,design_exp,QuestionPage,1757416823,4,0,0
gyk14m1i,126,2pvgof39,35,design_exp,QuestionPage,1757416823,5,0,0
gyk14m1i,84,aiv2tw1h,43,design_exp,QuestionPage,1757416824,6,0,0
gyk14m1i,128,1amlxszi,35,design_exp,QuestionPage,1757416824,5,0,0
gyk14m1i,148,0tpl9jgb,11,design_exp,QuestionPage,1757416825,2,0,0
gyk14m1i,70,k7x7ijs5,51,design_exp,QuestionPage,1757416826,7,0,0
gyk14m1i,134,0gwqalql,19,design_exp,QuestionPage,1757416827,3,0,0
gyk14m1i,81,u1bjxhr0,43,design_exp,QuestionPage,1757416827,6,0,0
gyk14m1i,99,016fy736,43,design_exp,QuestionPage,1757416827,6,0,0
gyk14m1i,118,8sedb38r,35,design_exp,QuestionPage,1757416828,5,0,0
gyk14m1i,110,dcwkv9e6,51,design_exp,QuestionPage,1757416829,7,0,0
gyk14m1i,139,39a3sfxm,43,design_exp,QuestionPage,1757416829,6,0,0
gyk14m1i,106,g7emliy5,43,design_exp,QuestionPage,1757416831,6,0,0
gyk14m1i,102,sfbmn01y,19,design_exp,QuestionPage,1757416831,3,0,0
gyk14m1i,94,8a70oopu,19,design_exp,QuestionPage,1757416832,3,0,0
gyk14m1i,103,b91oij74,35,design_exp,QuestionPage,1757416832,5,0,0
gyk14m1i,83,2p9yfdxb,35,design_exp,QuestionPage,1757416832,5,0,0
gyk14m1i,112,26qqpdoe,27,design_exp,QuestionPage,1757416834,4,0,0
gyk14m1i,73,3oagklp3,91,design_exp,QuestionPage,1757416834,12,0,0
gyk14m1i,85,gr2edsln,75,design_exp,QuestionPage,1757416835,10,0,0
gyk14m1i,80,3p54j8xb,11,design_exp,QuestionPage,1757416839,2,0,0
gyk14m1i,68,a311zfx2,35,design_exp,QuestionPage,1757416840,5,0,0
gyk14m1i,116,f8yeic2s,59,design_exp,QuestionPage,1757416841,8,0,0
gyk14m1i,106,g7emliy5,51,design_exp,QuestionPage,1757416842,7,0,0
gyk14m1i,129,zpyg4jny,27,design_exp,QuestionPage,1757416842,4,0,0
gyk14m1i,79,qvpjm66e,43,design_exp,QuestionPage,1757416843,6,0,0
gyk14m1i,98,ofqdyk1q,51,design_exp,QuestionPage,1757416843,7,0,0
gyk14m1i,108,tjh7rt4i,51,design_exp,QuestionPage,1757416843,7,0,0
gyk14m1i,102,sfbmn01y,27,design_exp,QuestionPage,1757416843,4,0,0
gyk14m1i,96,z2aw429m,59,design_exp,QuestionPage,1757416846,8,0,0
gyk14m1i,104,jz3gfzxv,51,design_exp,QuestionPage,1757416849,7,0,0
gyk14m1i,106,g7emliy5,59,design_exp,QuestionPage,1757416849,8,0,0
gyk14m1i,95,f1swkbh4,43,design_exp,QuestionPage,1757416851,6,0,0
gyk14m1i,84,aiv2tw1h,51,design_exp,QuestionPage,1757416851,7,0,0
gyk14m1i,67,3gmuwl3z,27,design_exp,QuestionPage,1757416851,4,0,0
gyk14m1i,86,zcqgfmm2,99,design_exp,QuestionPage,1757416851,13,0,0
gyk14m1i,99,016fy736,51,design_exp,QuestionPage,1757416853,7,0,0
gyk14m1i,72,dddjz8c2,59,design_exp,QuestionPage,1757416853,8,0,0
gyk14m1i,101,5t824poa,43,design_exp,QuestionPage,1757416853,6,0,0
gyk14m1i,98,ofqdyk1q,59,design_exp,QuestionPage,1757416854,8,0,0
gyk14m1i,144,kdfk209n,43,design_exp,QuestionPage,1757416854,6,0,0
gyk14m1i,128,1amlxszi,43,design_exp,QuestionPage,1757416855,6,0,0
gyk14m1i,90,f2ph7iaf,27,design_exp,QuestionPage,1757416856,4,0,0
gyk14m1i,127,n3ep0qpx,19,design_exp,QuestionPage,1757416856,3,0,0
gyk14m1i,96,z2aw429m,67,design_exp,QuestionPage,1757416856,9,0,0
gyk14m1i,116,f8yeic2s,67,design_exp,QuestionPage,1757416856,9,0,0
gyk14m1i,110,dcwkv9e6,59,design_exp,QuestionPage,1757416857,8,0,0
gyk14m1i,70,k7x7ijs5,59,design_exp,QuestionPage,1757416858,8,0,0
gyk14m1i,72,dddjz8c2,67,design_exp,QuestionPage,1757416858,9,0,0
gyk14m1i,143,hoq34fy1,11,design_exp,QuestionPage,1757416860,2,0,0
gyk14m1i,109,7b687sr7,51,design_exp,QuestionPage,1757416861,7,0,0
gyk14m1i,80,3p54j8xb,19,design_exp,QuestionPage,1757416861,3,0,0
gyk14m1i,95,f1swkbh4,51,design_exp,QuestionPage,1757416862,7,0,0
gyk14m1i,103,b91oij74,43,design_exp,QuestionPage,1757416862,6,0,0
gyk14m1i,134,0gwqalql,27,design_exp,QuestionPage,1757416862,4,0,0
gyk14m1i,84,aiv2tw1h,59,design_exp,QuestionPage,1757416863,8,0,0
gyk14m1i,96,z2aw429m,75,design_exp,QuestionPage,1757416864,10,0,0
gyk14m1i,136,zmrcmgji,35,design_exp,QuestionPage,1757416864,5,0,0
gyk14m1i,83,2p9yfdxb,43,design_exp,QuestionPage,1757416864,6,0,0
gyk14m1i,123,dzblqzip,59,design_exp,QuestionPage,1757416865,8,0,0
gyk14m1i,85,gr2edsln,83,design_exp,QuestionPage,1757416865,11,0,0
gyk14m1i,114,42w9eogh,91,design_exp,QuestionPage,1757416865,12,0,0
gyk14m1i,105,9alruytk,35,design_exp,QuestionPage,1757416868,5,0,0
gyk14m1i,70,k7x7ijs5,67,design_exp,QuestionPage,1757416868,9,0,0
gyk14m1i,130,5ucnlqe0,43,design_exp,QuestionPage,1757416870,6,0,0
gyk14m1i,148,0tpl9jgb,19,design_exp,QuestionPage,1757416870,3,0,0
gyk14m1i,108,tjh7rt4i,59,design_exp,QuestionPage,1757416870,8,0,0
gyk14m1i,101,5t824poa,51,design_exp,QuestionPage,1757416872,7,0,0
gyk14m1i,110,dcwkv9e6,67,design_exp,QuestionPage,1757416872,9,0,0
gyk14m1i,149,mbi1ll5s,1,design_exp,Instructions_WelcomeScreen,1757416873,1,0,0
gyk14m1i,129,zpyg4jny,35,design_exp,QuestionPage,1757416874,5,0,0
gyk14m1i,103,b91oij74,51,design_exp,QuestionPage,1757416874,7,0,0
gyk14m1i,124,4diegn6p,35,design_exp,QuestionPage,1757416874,5,0,0
gyk14m1i,145,p3rs5236,11,design_exp,QuestionPage,1757416875,2,0,0
gyk14m1i,126,2pvgof39,43,design_exp,QuestionPage,1757416877,6,0,0
gyk14m1i,83,2p9yfdxb,51,design_exp,QuestionPage,1757416878,7,0,0
gyk14m1i,134,0gwqalql,35,design_exp,QuestionPage,1757416879,5,0,0
gyk14m1i,114,42w9eogh,99,design_exp,QuestionPage,1757416880,13,0,0
gyk14m1i,111,xk05y1vj,27,design_exp,QuestionPage,1757416882,4,0,0
gyk14m1i,105,9alruytk,43,design_exp,QuestionPage,1757416882,6,0,0
gyk14m1i,104,jz3gfzxv,59,design_exp,QuestionPage,1757416882,8,0,0
gyk14m1i,63,wdahmu3p,59,design_exp,QuestionPage,1757416883,8,0,0
gyk14m1i,130,5ucnlqe0,51,design_exp,QuestionPage,1757416883,7,0,0
gyk14m1i,70,k7x7ijs5,75,design_exp,QuestionPage,1757416883,10,0,0
gyk14m1i,143,hoq34fy1,19,design_exp,QuestionPage,1757416883,3,0,0
gyk14m1i,96,z2aw429m,83,design_exp,QuestionPage,1757416884,11,0,0
gyk14m1i,94,8a70oopu,27,design_exp,QuestionPage,1757416885,4,0,0
gyk14m1i,109,7b687sr7,59,design_exp,QuestionPage,1757416886,8,0,0
gyk14m1i,72,dddjz8c2,75,design_exp,QuestionPage,1757416887,10,0,0
gyk14m1i,144,kdfk209n,51,design_exp,QuestionPage,1757416888,7,0,0
gyk14m1i,126,2pvgof39,51,design_exp,QuestionPage,1757416888,7,0,0
gyk14m1i,68,a311zfx2,43,design_exp,QuestionPage,1757416888,6,0,0
gyk14m1i,138,6jmuncv1,27,design_exp,QuestionPage,1757416890,4,0,0
gyk14m1i,96,z2aw429m,91,design_exp,QuestionPage,1757416891,12,0,0
gyk14m1i,103,b91oij74,59,design_exp,QuestionPage,1757416891,8,0,0
gyk14m1i,119,pkbhua8j,51,design_exp,QuestionPage,1757416891,7,0,0
gyk14m1i,87,0nnyqrzm,59,design_exp,QuestionPage,1757416891,8,0,0
gyk14m1i,86,zcqgfmm2,107,design_exp,QuestionPage,1757416892,14,0,0
gyk14m1i,105,9alruytk,51,design_exp,QuestionPage,1757416893,7,0,0
gyk14m1i,70,k7x7ijs5,83,design_exp,QuestionPage,1757416893,11,0,0
gyk14m1i,142,0r3k7uhj,43,design_exp,QuestionPage,1757416894,6,0,0
gyk14m1i,149,mbi1ll5s,11,design_exp,QuestionPage,1757416895,2,0,0
gyk14m1i,118,8sedb38r,43,design_exp,QuestionPage,1757416895,6,0,0
gyk14m1i,130,5ucnlqe0,59,design_exp,QuestionPage,1757416896,8,0,0
gyk14m1i,126,2pvgof39,59,design_exp,QuestionPage,1757416899,8,0,0
gyk14m1i,129,zpyg4jny,43,design_exp,QuestionPage,1757416899,6,0,0
gyk14m1i,67,3gmuwl3z,35,design_exp,QuestionPage,1757416900,5,0,0
gyk14m1i,86,zcqgfmm2,115,design_exp,QuestionPage,1757416902,15,0,0
gyk14m1i,130,5ucnlqe0,67,design_exp,QuestionPage,1757416902,9,0,0
gyk14m1i,101,5t824poa,59,design_exp,QuestionPage,1757416902,8,0,0
gyk14m1i,96,z2aw429m,99,design_exp,QuestionPage,1757416904,13,0,0
gyk14m1i,65,vu3hdc79,43,design_exp,QuestionPage,1757416904,6,0,0
gyk14m1i,144,kdfk209n,59,design_exp,QuestionPage,1757416906,8,0,0
gyk14m1i,134,0gwqalql,43,design_exp,QuestionPage,1757416908,6,0,0
gyk14m1i,63,wdahmu3p,67,design_exp,QuestionPage,1757416909,9,0,0
gyk14m1i,84,aiv2tw1h,67,design_exp,QuestionPage,1757416909,9,0,0
gyk14m1i,110,dcwkv9e6,75,design_exp,QuestionPage,1757416912,10,0,0
gyk14m1i,123,dzblqzip,67,design_exp,QuestionPage,1757416912,9,0,0
gyk14m1i,101,5t824poa,67,design_exp,QuestionPage,1757416913,9,0,0
gyk14m1i,98,ofqdyk1q,67,design_exp,QuestionPage,1757416914,9,0,0
gyk14m1i,99,016fy736,59,design_exp,QuestionPage,1757416918,8,0,0
gyk14m1i,111,xk05y1vj,35,design_exp,QuestionPage,1757416918,5,0,0
gyk14m1i,72,dddjz8c2,83,design_exp,QuestionPage,1757416918,11,0,0
gyk14m1i,109,7b687sr7,67,design_exp,QuestionPage,1757416918,9,0,0
gyk14m1i,138,6jmuncv1,35,design_exp,QuestionPage,1757416918,5,0,0
gyk14m1i,101,5t824poa,75,design_exp,QuestionPage,1757416919,10,0,0
gyk14m1i,114,42w9eogh,107,design_exp,QuestionPage,1757416920,14,0,0
gyk14m1i,84,aiv2tw1h,75,design_exp,QuestionPage,1757416920,10,0,0
gyk14m1i,98,ofqdyk1q,75,design_exp,QuestionPage,1757416921,10,0,0
gyk14m1i,139,39a3sfxm,51,design_exp,QuestionPage,1757416921,7,0,0
gyk14m1i,85,gr2edsln,91,design_exp,QuestionPage,1757416922,12,0,0
gyk14m1i,130,5ucnlqe0,75,design_exp,QuestionPage,1757416923,10,0,0
gyk14m1i,105,9alruytk,59,design_exp,QuestionPage,1757416923,8,0,0
gyk14m1i,116,f8yeic2s,75,design_exp,QuestionPage,1757416924,10,0,0
gyk14m1i,124,4diegn6p,43,design_exp,QuestionPage,1757416925,6,0,0
gyk14m1i,68,a311zfx2,51,design_exp,QuestionPage,1757416926,7,0,0
gyk14m1i,138,6jmuncv1,43,design_exp,QuestionPage,1757416926,6,0,0
gyk14m1i,136,zmrcmgji,43,design_exp,QuestionPage,1757416927,6,0,0
gyk14m1i,94,8a70oopu,35,design_exp,QuestionPage,1757416927,5,0,0
gyk14m1i,119,pkbhua8j,59,design_exp,QuestionPage,1757416928,8,0,0
gyk14m1i,140,x6qtfaio,35,design_exp,QuestionPage,1757416928,5,0,0
gyk14m1i,114,42w9eogh,115,design_exp,QuestionPage,1757416929,15,0,0
gyk14m1i,118,8sedb38r,51,design_exp,QuestionPage,1757416929,7,0,0
gyk14m1i,73,3oagklp3,99,design_exp,QuestionPage,1757416930,13,0,0
gyk14m1i,128,1amlxszi,51,design_exp,QuestionPage,1757416930,7,0,0
gyk14m1i,110,dcwkv9e6,83,design_exp,QuestionPage,1757416931,11,0,0
gyk14m1i,103,b91oij74,67,design_exp,QuestionPage,1757416933,9,0,0
gyk14m1i,98,ofqdyk1q,83,design_exp,QuestionPage,1757416933,11,0,0
gyk14m1i,72,dddjz8c2,91,design_exp,QuestionPage,1757416934,12,0,0
gyk14m1i,83,2p9yfdxb,59,design_exp,QuestionPage,1757416936,8,0,0
gyk14m1i,109,7b687sr7,75,design_exp,QuestionPage,1757416937,10,0,0
gyk14m1i,138,6jmuncv1,51,design_exp,QuestionPage,1757416937,7,0,0
gyk14m1i,124,4diegn6p,51,design_exp,QuestionPage,1757416937,7,0,0
gyk14m1i,80,3p54j8xb,27,design_exp,QuestionPage,1757416938,4,0,0
gyk14m1i,95,f1swkbh4,59,design_exp,QuestionPage,1757416938,8,0,0
gyk14m1i,82,a13spce8,11,design_exp,QuestionPage,1757416941,2,0,0
gyk14m1i,70,k7x7ijs5,91,design_exp,QuestionPage,1757416942,12,0,0
gyk14m1i,60,egmbb8rx,43,design_exp,QuestionPage,1757416942,6,0,0
gyk14m1i,73,3oagklp3,107,design_exp,QuestionPage,1757416943,14,0,0
gyk14m1i,140,x6qtfaio,43,design_exp,QuestionPage,1757416943,6,0,0
gyk14m1i,142,0r3k7uhj,51,design_exp,QuestionPage,1757416943,7,0,0
gyk14m1i,65,vu3hdc79,51,design_exp,QuestionPage,1757416944,7,0,0
gyk14m1i,110,dcwkv9e6,91,design_exp,QuestionPage,1757416945,12,0,0
gyk14m1i,147,gxg5zpog,11,design_exp,QuestionPage,1757416945,2,0,0
gyk14m1i,126,2pvgof39,67,design_exp,QuestionPage,1757416945,9,0,0
gyk14m1i,116,f8yeic2s,83,design_exp,QuestionPage,1757416947,11,0,0
gyk14m1i,98,ofqdyk1q,91,design_exp,QuestionPage,1757416947,12,0,0
gyk14m1i,138,6jmuncv1,59,design_exp,QuestionPage,1757416950,8,0,0
gyk14m1i,73,3oagklp3,115,design_exp,QuestionPage,1757416951,15,0,0
gyk14m1i,139,39a3sfxm,59,design_exp,QuestionPage,1757416953,8,0,0
gyk14m1i,86,zcqgfmm2,123,design_exp,QuestionPage,1757416953,16,0,0
gyk14m1i,116,f8yeic2s,91,design_exp,QuestionPage,1757416953,12,0,0
gyk14m1i,65,vu3hdc79,59,design_exp,QuestionPage,1757416954,8,0,0
gyk14m1i,83,2p9yfdxb,67,design_exp,QuestionPage,1757416954,9,0,0
gyk14m1i,140,x6qtfaio,51,design_exp,QuestionPage,1757416956,7,0,0
gyk14m1i,118,8sedb38r,59,design_exp,QuestionPage,1757416956,8,0,0
gyk14m1i,109,7b687sr7,83,design_exp,QuestionPage,1757416958,11,0,0
gyk14m1i,142,0r3k7uhj,59,design_exp,QuestionPage,1757416960,8,0,0
gyk14m1i,123,dzblqzip,75,design_exp,QuestionPage,1757416960,10,0,0
gyk14m1i,105,9alruytk,67,design_exp,QuestionPage,1757416960,9,0,0
gyk14m1i,126,2pvgof39,75,design_exp,QuestionPage,1757416960,10,0,0
gyk14m1i,99,016fy736,67,design_exp,QuestionPage,1757416960,9,0,0
gyk14m1i,79,qvpjm66e,51,design_exp,QuestionPage,1757416962,7,0,0
gyk14m1i,82,a13spce8,19,design_exp,QuestionPage,1757416962,3,0,0
gyk14m1i,138,6jmuncv1,67,design_exp,QuestionPage,1757416962,9,0,0
gyk14m1i,108,tjh7rt4i,67,design_exp,QuestionPage,1757416963,9,0,0
gyk14m1i,73,3oagklp3,123,design_exp,QuestionPage,1757416965,16,0,0
gyk14m1i,86,zcqgfmm2,131,design_exp,QuestionPage,1757416966,17,0,0
gyk14m1i,114,42w9eogh,123,design_exp,QuestionPage,1757416966,16,0,0
gyk14m1i,110,dcwkv9e6,99,design_exp,QuestionPage,1757416967,13,0,0
gyk14m1i,70,k7x7ijs5,99,design_exp,QuestionPage,1757416970,13,0,0
gyk14m1i,112,26qqpdoe,35,design_exp,QuestionPage,1757416971,5,0,0
gyk14m1i,67,3gmuwl3z,43,design_exp,QuestionPage,1757416971,6,0,0
gyk14m1i,126,2pvgof39,83,design_exp,QuestionPage,1757416972,11,0,0
gyk14m1i,124,4diegn6p,59,design_exp,QuestionPage,1757416972,8,0,0
gyk14m1i,110,dcwkv9e6,107,design_exp,QuestionPage,1757416973,14,0,0
gyk14m1i,138,6jmuncv1,75,design_exp,QuestionPage,1757416973,10,0,0
gyk14m1i,140,x6qtfaio,59,design_exp,QuestionPage,1757416973,8,0,0
gyk14m1i,147,gxg5zpog,19,design_exp,QuestionPage,1757416974,3,0,0
gyk14m1i,125,w1uij58e,11,design_exp,QuestionPage,1757416974,2,0,0
gyk14m1i,118,8sedb38r,67,design_exp,QuestionPage,1757416975,9,0,0
gyk14m1i,104,jz3gfzxv,67,design_exp,QuestionPage,1757416976,9,0,0
gyk14m1i,114,42w9eogh,131,design_exp,QuestionPage,1757416977,17,0,0
gyk14m1i,86,zcqgfmm2,139,design_exp,QuestionPage,1757416979,18,0,0
gyk14m1i,95,f1swkbh4,67,design_exp,QuestionPage,1757416979,9,0,0
gyk14m1i,91,nmxgdgi8,59,design_exp,QuestionPage,1757416980,8,0,0
gyk14m1i,108,tjh7rt4i,75,design_exp,QuestionPage,1757416981,10,0,0
gyk14m1i,110,dcwkv9e6,115,design_exp,QuestionPage,1757416981,15,0,0
gyk14m1i,83,2p9yfdxb,75,design_exp,QuestionPage,1757416981,10,0,0
gyk14m1i,85,gr2edsln,99,design_exp,QuestionPage,1757416982,13,0,0
gyk14m1i,79,qvpjm66e,59,design_exp,QuestionPage,1757416982,8,0,0
gyk14m1i,99,016fy736,75,design_exp,QuestionPage,1757416982,10,0,0
gyk14m1i,125,w1uij58e,19,design_exp,QuestionPage,1757416982,3,0,0
gyk14m1i,111,xk05y1vj,43,design_exp,QuestionPage,1757416983,6,0,0
gyk14m1i,142,0r3k7uhj,67,design_exp,QuestionPage,1757416983,9,0,0
gyk14m1i,94,8a70oopu,43,design_exp,QuestionPage,1757416985,6,0,0
gyk14m1i,149,mbi1ll5s,19,design_exp,QuestionPage,1757416985,3,0,0
gyk14m1i,124,4diegn6p,67,design_exp,QuestionPage,1757416986,9,0,0
gyk14m1i,114,42w9eogh,139,design_exp,QuestionPage,1757416987,18,0,0
gyk14m1i,128,1amlxszi,59,design_exp,QuestionPage,1757416989,8,0,0
gyk14m1i,82,a13spce8,27,design_exp,QuestionPage,1757416991,4,0,0
gyk14m1i,95,f1swkbh4,75,design_exp,QuestionPage,1757416992,10,0,0
gyk14m1i,118,8sedb38r,75,design_exp,QuestionPage,1757416994,10,0,0
gyk14m1i,138,6jmuncv1,83,design_exp,QuestionPage,1757416994,11,0,0
gyk14m1i,81,u1bjxhr0,51,design_exp,QuestionPage,1757416994,7,0,0
gyk14m1i,109,7b687sr7,91,design_exp,QuestionPage,1757416994,12,0,0
gyk14m1i,119,pkbhua8j,67,design_exp,QuestionPage,1757416995,9,0,0
gyk14m1i,142,0r3k7uhj,75,design_exp,QuestionPage,1757416995,10,0,0
gyk14m1i,110,dcwkv9e6,123,design_exp,QuestionPage,1757416995,16,0,0
gyk14m1i,102,sfbmn01y,35,design_exp,QuestionPage,1757416996,5,0,0
gyk14m1i,126,2pvgof39,91,design_exp,QuestionPage,1757416997,12,0,0
gyk14m1i,112,26qqpdoe,43,design_exp,QuestionPage,1757416997,6,0,0
gyk14m1i,125,w1uij58e,27,design_exp,QuestionPage,1757416997,4,0,0
gyk14m1i,134,0gwqalql,51,design_exp,QuestionPage,1757416998,7,0,0
gyk14m1i,140,x6qtfaio,67,design_exp,QuestionPage,1757416998,9,0,0
gyk14m1i,70,k7x7ijs5,107,design_exp,QuestionPage,1757416998,14,0,0
gyk14m1i,114,42w9eogh,147,design_exp,QuestionPage,1757416998,19,0,0
gyk14m1i,73,3oagklp3,131,design_exp,QuestionPage,1757416998,17,0,0
gyk14m1i,98,ofqdyk1q,99,design_exp,QuestionPage,1757416999,13,0,0
gyk14m1i,120,045y9tee,51,design_exp,QuestionPage,1757416999,7,0,0
gyk14m1i,148,0tpl9jgb,27,design_exp,QuestionPage,1757417001,4,0,0
gyk14m1i,65,vu3hdc79,67,design_exp,QuestionPage,1757417002,9,0,0
gyk14m1i,96,z2aw429m,107,design_exp,QuestionPage,1757417003,14,0,0
gyk14m1i,67,3gmuwl3z,51,design_exp,QuestionPage,1757417005,7,0,0
gyk14m1i,126,2pvgof39,99,design_exp,QuestionPage,1757417005,13,0,0
gyk14m1i,105,9alruytk,75,design_exp,QuestionPage,1757417007,10,0,0
gyk14m1i,109,7b687sr7,99,design_exp,QuestionPage,1757417008,13,0,0
gyk14m1i,149,mbi1ll5s,27,design_exp,QuestionPage,1757417008,4,0,0
gyk14m1i,60,egmbb8rx,51,design_exp,QuestionPage,1757417008,7,0,0
gyk14m1i,124,4diegn6p,75,design_exp,QuestionPage,1757417009,10,0,0
gyk14m1i,128,1amlxszi,67,design_exp,QuestionPage,1757417009,9,0,0
gyk14m1i,140,x6qtfaio,75,design_exp,QuestionPage,1757417009,10,0,0
gyk14m1i,110,dcwkv9e6,131,design_exp,QuestionPage,1757417009,17,0,0
gyk14m1i,138,6jmuncv1,91,design_exp,QuestionPage,1757417009,12,0,0
gyk14m1i,96,z2aw429m,115,design_exp,QuestionPage,1757417010,15,0,0
gyk14m1i,70,k7x7ijs5,115,design_exp,QuestionPage,1757417010,15,0,0
gyk14m1i,91,nmxgdgi8,67,design_exp,QuestionPage,1757417010,9,0,0
gyk14m1i,116,f8yeic2s,99,design_exp,QuestionPage,1757417011,13,0,0
gyk14m1i,120,045y9tee,59,design_exp,QuestionPage,1757417012,8,0,0
gyk14m1i,67,3gmuwl3z,59,design_exp,QuestionPage,1757417013,8,0,0
gyk14m1i,98,ofqdyk1q,107,design_exp,QuestionPage,1757417013,14,0,0
gyk14m1i,138,6jmuncv1,99,design_exp,QuestionPage,1757417016,13,0,0
gyk14m1i,86,zcqgfmm2,147,design_exp,QuestionPage,1757417016,19,0,0
gyk14m1i,114,42w9eogh,155,design_exp,QuestionPage,1757417017,20,0,0
gyk14m1i,70,k7x7ijs5,123,design_exp,QuestionPage,1757417018,16,0,0
gyk14m1i,79,qvpjm66e,67,design_exp,QuestionPage,1757417019,9,0,0
gyk14m1i,73,3oagklp3,139,design_exp,QuestionPage,1757417020,18,0,0
gyk14m1i,106,g7emliy5,67,design_exp,QuestionPage,1757417021,9,0,0
gyk14m1i,109,7b687sr7,107,design_exp,QuestionPage,1757417021,14,0,0
gyk14m1i,124,4diegn6p,83,design_exp,QuestionPage,1757417021,11,0,0
gyk14m1i,128,1amlxszi,75,design_exp,QuestionPage,1757417023,10,0,0
gyk14m1i,83,2p9yfdxb,83,design_exp,QuestionPage,1757417023,11,0,0
gyk14m1i,141,zfil9us9,35,design_exp,QuestionPage,1757417023,5,0,0
gyk14m1i,104,jz3gfzxv,75,design_exp,QuestionPage,1757417023,10,0,0
gyk14m1i,138,6jmuncv1,107,design_exp,QuestionPage,1757417026,14,0,0
gyk14m1i,105,9alruytk,83,design_exp,QuestionPage,1757417026,11,0,0
gyk14m1i,136,zmrcmgji,51,design_exp,QuestionPage,1757417026,7,0,0
gyk14m1i,110,dcwkv9e6,139,design_exp,QuestionPage,1757417026,18,0,0
gyk14m1i,82,a13spce8,35,design_exp,QuestionPage,1757417027,5,0,0
gyk14m1i,134,0gwqalql,59,design_exp,QuestionPage,1757417027,8,0,0
gyk14m1i,142,0r3k7uhj,83,design_exp,QuestionPage,1757417029,11,0,0
gyk14m1i,102,sfbmn01y,43,design_exp,QuestionPage,1757417029,6,0,0
gyk14m1i,118,8sedb38r,83,design_exp,QuestionPage,1757417030,11,0,0
gyk14m1i,90,f2ph7iaf,35,design_exp,QuestionPage,1757417031,5,0,0
gyk14m1i,141,zfil9us9,43,design_exp,QuestionPage,1757417031,6,0,0
gyk14m1i,116,f8yeic2s,107,design_exp,QuestionPage,1757417033,14,0,0
gyk14m1i,78,861gjeo0,35,design_exp,QuestionPage,1757417033,5,0,0
gyk14m1i,149,mbi1ll5s,35,design_exp,QuestionPage,1757417034,5,0,0
gyk14m1i,125,w1uij58e,35,design_exp,QuestionPage,1757417035,5,0,0
gyk14m1i,91,nmxgdgi8,75,design_exp,QuestionPage,1757417036,10,0,0
gyk14m1i,73,3oagklp3,147,design_exp,QuestionPage,1757417037,19,0,0
gyk14m1i,83,2p9yfdxb,91,design_exp,QuestionPage,1757417037,12,0,0
gyk14m1i,104,jz3gfzxv,83,design_exp,QuestionPage,1757417037,11,0,0
gyk14m1i,138,6jmuncv1,115,design_exp,QuestionPage,1757417038,15,0,0
gyk14m1i,127,n3ep0qpx,27,design_exp,QuestionPage,1757417038,4,0,0
gyk14m1i,82,a13spce8,43,design_exp,QuestionPage,1757417038,6,0,0
gyk14m1i,141,zfil9us9,51,design_exp,QuestionPage,1757417039,7,0,0
gyk14m1i,95,f1swkbh4,83,design_exp,QuestionPage,1757417040,11,0,0
gyk14m1i,140,x6qtfaio,83,design_exp,QuestionPage,1757417041,11,0,0
gyk14m1i,142,0r3k7uhj,91,design_exp,QuestionPage,1757417042,12,0,0
gyk14m1i,123,dzblqzip,83,design_exp,QuestionPage,1757417043,11,0,0
gyk14m1i,65,vu3hdc79,75,design_exp,QuestionPage,1757417045,10,0,0
gyk14m1i,78,861gjeo0,43,design_exp,QuestionPage,1757417045,6,0,0
gyk14m1i,106,g7emliy5,75,design_exp,QuestionPage,1757417046,10,0,0
gyk14m1i,86,zcqgfmm2,155,design_exp,QuestionPage,1757417046,20,0,0
gyk14m1i,91,nmxgdgi8,83,design_exp,QuestionPage,1757417048,11,0,0
gyk14m1i,120,045y9tee,67,design_exp,QuestionPage,1757417048,9,0,0
gyk14m1i,104,jz3gfzxv,91,design_exp,QuestionPage,1757417049,12,0,0
gyk14m1i,134,0gwqalql,67,design_exp,QuestionPage,1757417050,9,0,0
gyk14m1i,79,qvpjm66e,75,design_exp,QuestionPage,1757417052,10,0,0
gyk14m1i,126,2pvgof39,107,design_exp,QuestionPage,1757417053,14,0,0
gyk14m1i,83,2p9yfdxb,99,design_exp,QuestionPage,1757417054,13,0,0
gyk14m1i,94,8a70oopu,51,design_exp,QuestionPage,1757417054,7,0,0
gyk14m1i,82,a13spce8,51,design_exp,QuestionPage,1757417055,7,0,0
gyk14m1i,142,0r3k7uhj,99,design_exp,QuestionPage,1757417055,13,0,0
gyk14m1i,102,sfbmn01y,51,design_exp,QuestionPage,1757417056,7,0,0
gyk14m1i,120,045y9tee,75,design_exp,QuestionPage,1757417059,10,0,0
gyk14m1i,123,dzblqzip,91,design_exp,QuestionPage,1757417059,12,0,0
gyk14m1i,78,861gjeo0,51,design_exp,QuestionPage,1757417059,7,0,0
gyk14m1i,142,0r3k7uhj,107,design_exp,QuestionPage,1757417060,14,0,0
gyk14m1i,86,zcqgfmm2,163,design_exp,QuestionPage,1757417061,21,0,0
gyk14m1i,124,4diegn6p,91,design_exp,QuestionPage,1757417061,12,0,0
gyk14m1i,97,ndlwp8yc,35,design_exp,QuestionPage,1757417062,5,0,0
gyk14m1i,111,xk05y1vj,51,design_exp,QuestionPage,1757417063,7,0,0
gyk14m1i,136,zmrcmgji,59,design_exp,QuestionPage,1757417065,8,0,0
gyk14m1i,82,a13spce8,59,design_exp,QuestionPage,1757417066,8,0,0
gyk14m1i,94,8a70oopu,59,design_exp,QuestionPage,1757417066,8,0,0
gyk14m1i,119,pkbhua8j,75,design_exp,QuestionPage,1757417066,10,0,0
gyk14m1i,149,mbi1ll5s,43,design_exp,QuestionPage,1757417067,6,0,0
gyk14m1i,78,861gjeo0,59,design_exp,QuestionPage,1757417067,8,0,0
gyk14m1i,67,3gmuwl3z,67,design_exp,QuestionPage,1757417067,9,0,0
gyk14m1i,70,k7x7ijs5,131,design_exp,QuestionPage,1757417068,17,0,0
gyk14m1i,129,zpyg4jny,51,design_exp,QuestionPage,1757417068,7,0,0
gyk14m1i,95,f1swkbh4,91,design_exp,QuestionPage,1757417069,12,0,0
gyk14m1i,111,xk05y1vj,59,design_exp,QuestionPage,1757417069,8,0,0
gyk14m1i,130,5ucnlqe0,83,design_exp,QuestionPage,1757417070,11,0,0
gyk14m1i,141,zfil9us9,59,design_exp,QuestionPage,1757417071,8,0,0
gyk14m1i,80,3p54j8xb,35,design_exp,QuestionPage,1757417072,5,0,0
gyk14m1i,86,zcqgfmm2,171,design_exp,QuestionPage,1757417076,22,0,0
gyk14m1i,106,g7emliy5,83,design_exp,QuestionPage,1757417079,11,0,0
gyk14m1i,123,dzblqzip,99,design_exp,QuestionPage,1757417080,13,0,0
gyk14m1i,91,nmxgdgi8,91,design_exp,QuestionPage,1757417081,12,0,0
gyk14m1i,82,a13spce8,67,design_exp,QuestionPage,1757417082,9,0,0
gyk14m1i,90,f2ph7iaf,43,design_exp,QuestionPage,1757417084,6,0,0
gyk14m1i,67,3gmuwl3z,75,design_exp,QuestionPage,1757417084,10,0,0
gyk14m1i,97,ndlwp8yc,43,design_exp,QuestionPage,1757417085,6,0,0
gyk14m1i,63,wdahmu3p,75,design_exp,QuestionPage,1757417085,10,0,0
gyk14m1i,136,zmrcmgji,67,design_exp,QuestionPage,1757417086,9,0,0
gyk14m1i,106,g7emliy5,91,design_exp,QuestionPage,1757417087,12,0,0
gyk14m1i,78,861gjeo0,67,design_exp,QuestionPage,1757417088,9,0,0
gyk14m1i,125,w1uij58e,43,design_exp,QuestionPage,1757417089,6,0,0
gyk14m1i,104,jz3gfzxv,99,design_exp,QuestionPage,1757417089,13,0,0
gyk14m1i,80,3p54j8xb,43,design_exp,QuestionPage,1757417090,6,0,0
gyk14m1i,140,x6qtfaio,91,design_exp,QuestionPage,1757417090,12,0,0
gyk14m1i,79,qvpjm66e,83,design_exp,QuestionPage,1757417091,11,0,0
gyk14m1i,138,6jmuncv1,123,design_exp,QuestionPage,1757417095,16,0,0
gyk14m1i,95,f1swkbh4,99,design_exp,QuestionPage,1757417095,13,0,0
gyk14m1i,126,2pvgof39,115,design_exp,QuestionPage,1757417098,15,0,0
gyk14m1i,96,z2aw429m,123,design_exp,QuestionPage,1757417099,16,0,0
gyk14m1i,63,wdahmu3p,83,design_exp,QuestionPage,1757417099,11,0,0
gyk14m1i,82,a13spce8,75,design_exp,QuestionPage,1757417099,10,0,0
gyk14m1i,124,4diegn6p,99,design_exp,QuestionPage,1757417100,13,0,0
gyk14m1i,78,861gjeo0,75,design_exp,QuestionPage,1757417100,10,0,0
gyk14m1i,72,dddjz8c2,99,design_exp,QuestionPage,1757417101,13,0,0
gyk14m1i,70,k7x7ijs5,139,design_exp,QuestionPage,1757417102,18,0,0
gyk14m1i,106,g7emliy5,99,design_exp,QuestionPage,1757417104,13,0,0
gyk14m1i,94,8a70oopu,67,design_exp,QuestionPage,1757417104,9,0,0
gyk14m1i,80,3p54j8xb,51,design_exp,QuestionPage,1757417105,7,0,0
gyk14m1i,111,xk05y1vj,67,design_exp,QuestionPage,1757417105,9,0,0
gyk14m1i,138,6jmuncv1,131,design_exp,QuestionPage,1757417106,17,0,0
gyk14m1i,73,3oagklp3,155,design_exp,QuestionPage,1757417108,20,0,0
gyk14m1i,97,ndlwp8yc,51,design_exp,QuestionPage,1757417109,7,0,0
gyk14m1i,95,f1swkbh4,107,design_exp,QuestionPage,1757417110,14,0,0
gyk14m1i,134,0gwqalql,75,design_exp,QuestionPage,1757417110,10,0,0
gyk14m1i,70,k7x7ijs5,147,design_exp,QuestionPage,1757417112,19,0,0
gyk14m1i,130,5ucnlqe0,91,design_exp,QuestionPage,1757417113,12,0,0
gyk14m1i,65,vu3hdc79,83,design_exp,QuestionPage,1757417114,11,0,0
gyk14m1i,126,2pvgof39,123,design_exp,QuestionPage,1757417115,16,0,0
gyk14m1i,82,a13spce8,83,design_exp,QuestionPage,1757417116,11,0,0
gyk14m1i,72,dddjz8c2,107,design_exp,QuestionPage,1757417121,14,0,0
gyk14m1i,104,jz3gfzxv,107,design_exp,QuestionPage,1757417121,14,0,0
gyk14m1i,118,8sedb38r,91,design_exp,QuestionPage,1757417121,12,0,0
gyk14m1i,80,3p54j8xb,59,design_exp,QuestionPage,1757417122,8,0,0
gyk14m1i,130,5ucnlqe0,99,design_exp,QuestionPage,1757417124,13,0,0
gyk14m1i,97,ndlwp8yc,59,design_exp,QuestionPage,1757417127,8,0,0
gyk14m1i,82,a13spce8,91,design_exp,QuestionPage,1757417128,12,0,0
gyk14m1i,125,w1uij58e,51,design_exp,QuestionPage,1757417129,7,0,0
gyk14m1i,94,8a70oopu,75,design_exp,QuestionPage,1757417129,10,0,0
gyk14m1i,142,0r3k7uhj,115,design_exp,QuestionPage,1757417129,15,0,0
gyk14m1i,110,dcwkv9e6,147,design_exp,QuestionPage,1757417130,19,0,0
gyk14m1i,134,0gwqalql,83,design_exp,QuestionPage,1757417130,11,0,0
gyk14m1i,70,k7x7ijs5,155,design_exp,QuestionPage,1757417130,20,0,0
gyk14m1i,116,f8yeic2s,115,design_exp,QuestionPage,1757417130,15,0,0
gyk14m1i,104,jz3gfzxv,115,design_exp,QuestionPage,1757417130,15,0,0
gyk14m1i,80,3p54j8xb,67,design_exp,QuestionPage,1757417131,9,0,0
gyk14m1i,83,2p9yfdxb,107,design_exp,QuestionPage,1757417131,14,0,0
gyk14m1i,119,pkbhua8j,83,design_exp,QuestionPage,1757417133,11,0,0
gyk14m1i,96,z2aw429m,131,design_exp,QuestionPage,1757417133,17,0,0
gyk14m1i,65,vu3hdc79,91,design_exp,QuestionPage,1757417134,12,0,0
gyk14m1i,124,4diegn6p,107,design_exp,QuestionPage,1757417134,14,0,0
gyk14m1i,95,f1swkbh4,115,design_exp,QuestionPage,1757417134,15,0,0
gyk14m1i,138,6jmuncv1,139,design_exp,QuestionPage,1757417135,18,0,0
gyk14m1i,70,k7x7ijs5,163,design_exp,QuestionPage,1757417136,21,0,0
gyk14m1i,91,nmxgdgi8,99,design_exp,QuestionPage,1757417136,13,0,0
gyk14m1i,82,a13spce8,99,design_exp,QuestionPage,1757417141,13,0,0
gyk14m1i,140,x6qtfaio,99,design_exp,QuestionPage,1757417142,13,0,0
gyk14m1i,96,z2aw429m,139,design_exp,QuestionPage,1757417143,18,0,0
gyk14m1i,80,3p54j8xb,75,design_exp,QuestionPage,1757417144,10,0,0
gyk14m1i,73,3oagklp3,163,design_exp,QuestionPage,1757417144,21,0,0
gyk14m1i,63,wdahmu3p,91,design_exp,QuestionPage,1757417144,12,0,0
gyk14m1i,95,f1swkbh4,123,design_exp,QuestionPage,1757417144,16,0,0
gyk14m1i,126,2pvgof39,131,design_exp,QuestionPage,1757417145,17,0,0
gyk14m1i,91,nmxgdgi8,107,design_exp,QuestionPage,1757417148,14,0,0
gyk14m1i,98,ofqdyk1q,115,design_exp,QuestionPage,1757417148,15,0,0
gyk14m1i,110,dcwkv9e6,155,design_exp,QuestionPage,1757417148,20,0,0
gyk14m1i,104,jz3gfzxv,123,design_exp,QuestionPage,1757417149,16,0,0
gyk14m1i,96,z2aw429m,147,design_exp,QuestionPage,1757417150,19,0,0
gyk14m1i,124,4diegn6p,115,design_exp,QuestionPage,1757417151,15,0,0
gyk14m1i,137,l4mx7sh0,35,design_exp,QuestionPage,1757417151,5,0,0
gyk14m1i,63,wdahmu3p,99,design_exp,QuestionPage,1757417151,13,0,0
gyk14m1i,141,zfil9us9,67,design_exp,QuestionPage,1757417152,9,0,0
gyk14m1i,120,045y9tee,83,design_exp,QuestionPage,1757417153,11,0,0
gyk14m1i,105,9alruytk,91,design_exp,QuestionPage,1757417153,12,0,0
gyk14m1i,72,dddjz8c2,115,design_exp,QuestionPage,1757417153,15,0,0
gyk14m1i,102,sfbmn01y,59,design_exp,QuestionPage,1757417154,8,0,0
gyk14m1i,73,3oagklp3,171,design_exp,QuestionPage,1757417154,22,0,0
gyk14m1i,97,ndlwp8yc,67,design_exp,QuestionPage,1757417155,9,0,0
gyk14m1i,95,f1swkbh4,131,design_exp,QuestionPage,1757417156,17,0,0
gyk14m1i,134,0gwqalql,91,design_exp,QuestionPage,1757417156,12,0,0
gyk14m1i,140,x6qtfaio,107,design_exp,QuestionPage,1757417156,14,0,0
gyk14m1i,82,a13spce8,107,design_exp,QuestionPage,1757417157,14,0,0
gyk14m1i,79,qvpjm66e,91,design_exp,QuestionPage,1757417157,12,0,0
gyk14m1i,149,mbi1ll5s,51,design_exp,QuestionPage,1757417158,7,0,0
gyk14m1i,96,z2aw429m,155,design_exp,QuestionPage,1757417158,20,0,0
gyk14m1i,78,861gjeo0,83,design_exp,QuestionPage,1757417158,11,0,0
gyk14m1i,148,0tpl9jgb,35,design_exp,QuestionPage,1757417159,5,0,0
gyk14m1i,65,vu3hdc79,99,design_exp,QuestionPage,1757417160,13,0,0
gyk14m1i,94,8a70oopu,83,design_exp,QuestionPage,1757417161,11,0,0
gyk14m1i,72,dddjz8c2,123,design_exp,QuestionPage,1757417161,16,0,0
gyk14m1i,67,3gmuwl3z,83,design_exp,QuestionPage,1757417161,11,0,0
gyk14m1i,130,5ucnlqe0,107,design_exp,QuestionPage,1757417162,14,0,0
gyk14m1i,123,dzblqzip,107,design_exp,QuestionPage,1757417163,14,0,0
gyk14m1i,149,mbi1ll5s,59,design_exp,QuestionPage,1757417166,8,0,0
gyk14m1i,120,045y9tee,91,design_exp,QuestionPage,1757417166,12,0,0
gyk14m1i,141,zfil9us9,75,design_exp,QuestionPage,1757417166,10,0,0
gyk14m1i,126,2pvgof39,139,design_exp,QuestionPage,1757417167,18,0,0
gyk14m1i,104,jz3gfzxv,131,design_exp,QuestionPage,1757417167,17,0,0
gyk14m1i,103,b91oij74,75,design_exp,QuestionPage,1757417167,10,0,0
gyk14m1i,78,861gjeo0,91,design_exp,QuestionPage,1757417168,12,0,0
gyk14m1i,98,ofqdyk1q,123,design_exp,QuestionPage,1757417168,16,0,0
gyk14m1i,148,0tpl9jgb,43,design_exp,QuestionPage,1757417169,6,0,0
gyk14m1i,83,2p9yfdxb,115,design_exp,QuestionPage,1757417169,15,0,0
gyk14m1i,118,8sedb38r,99,design_exp,QuestionPage,1757417169,13,0,0
gyk14m1i,134,0gwqalql,99,design_exp,QuestionPage,1757417169,13,0,0
gyk14m1i,129,zpyg4jny,59,design_exp,QuestionPage,1757417171,8,0,0
gyk14m1i,65,vu3hdc79,107,design_exp,QuestionPage,1757417172,14,0,0
gyk14m1i,130,5ucnlqe0,115,design_exp,QuestionPage,1757417172,15,0,0
gyk14m1i,67,3gmuwl3z,91,design_exp,QuestionPage,1757417173,12,0,0
gyk14m1i,116,f8yeic2s,123,design_exp,QuestionPage,1757417173,16,0,0
gyk14m1i,111,xk05y1vj,75,design_exp,QuestionPage,1757417174,10,0,0
gyk14m1i,95,f1swkbh4,139,design_exp,QuestionPage,1757417176,18,0,0
gyk14m1i,60,egmbb8rx,59,design_exp,QuestionPage,1757417176,8,0,0
gyk14m1i,63,wdahmu3p,107,design_exp,QuestionPage,1757417176,14,0,0
gyk14m1i,137,l4mx7sh0,43,design_exp,QuestionPage,1757417176,6,0,0
gyk14m1i,127,n3ep0qpx,35,design_exp,QuestionPage,1757417176,5,0,0
gyk14m1i,102,sfbmn01y,67,design_exp,QuestionPage,1757417178,9,0,0
gyk14m1i,73,3oagklp3,179,design_exp,QuestionPage,1757417179,23,0,0
gyk14m1i,104,jz3gfzxv,139,design_exp,QuestionPage,1757417180,18,0,0
gyk14m1i,96,z2aw429m,163,design_exp,QuestionPage,1757417180,21,0,0
gyk14m1i,72,dddjz8c2,131,design_exp,QuestionPage,1757417181,17,0,0
gyk14m1i,118,8sedb38r,107,design_exp,QuestionPage,1757417181,14,0,0
gyk14m1i,95,f1swkbh4,147,design_exp,QuestionPage,1757417182,19,0,0
gyk14m1i,129,zpyg4jny,67,design_exp,QuestionPage,1757417183,9,0,0
gyk14m1i,141,zfil9us9,83,design_exp,QuestionPage,1757417183,11,0,0
gyk14m1i,78,861gjeo0,99,design_exp,QuestionPage,1757417184,13,0,0
gyk14m1i,103,b91oij74,83,design_exp,QuestionPage,1757417184,11,0,0
gyk14m1i,136,zmrcmgji,75,design_exp,QuestionPage,1757417185,10,0,0
gyk14m1i,97,ndlwp8yc,75,design_exp,QuestionPage,1757417185,10,0,0
gyk14m1i,120,045y9tee,99,design_exp,QuestionPage,1757417185,13,0,0
gyk14m1i,124,4diegn6p,123,design_exp,QuestionPage,1757417186,16,0,0
gyk14m1i,110,dcwkv9e6,163,design_exp,QuestionPage,1757417187,21,0,0
gyk14m1i,72,dddjz8c2,139,design_exp,QuestionPage,1757417187,18,0,0
gyk14m1i,105,9alruytk,99,design_exp,QuestionPage,1757417189,13,0,0
gyk14m1i,130,5ucnlqe0,123,design_exp,QuestionPage,1757417189,16,0,0
gyk14m1i,70,k7x7ijs5,171,design_exp,QuestionPage,1757417191,22,0,0
gyk14m1i,94,8a70oopu,91,design_exp,QuestionPage,1757417197,12,0,0
gyk14m1i,67,3gmuwl3z,99,design_exp,QuestionPage,1757417197,13,0,0
gyk14m1i,96,z2aw429m,171,design_exp,QuestionPage,1757417198,22,0,0
gyk14m1i,60,egmbb8rx,67,design_exp,QuestionPage,1757417198,9,0,0
gyk14m1i,147,gxg5zpog,27,design_exp,QuestionPage,1757417198,4,0,0
gyk14m1i,65,vu3hdc79,115,design_exp,QuestionPage,1757417199,15,0,0
gyk14m1i,82,a13spce8,115,design_exp,QuestionPage,1757417202,15,0,0
gyk14m1i,130,5ucnlqe0,131,design_exp,QuestionPage,1757417202,17,0,0
gyk14m1i,110,dcwkv9e6,171,design_exp,QuestionPage,1757417202,22,0,0
gyk14m1i,79,qvpjm66e,99,design_exp,QuestionPage,1757417203,13,0,0
gyk14m1i,72,dddjz8c2,147,design_exp,QuestionPage,1757417203,19,0,0
gyk14m1i,139,39a3sfxm,67,design_exp,QuestionPage,1757417205,9,0,0
gyk14m1i,78,861gjeo0,107,design_exp,QuestionPage,1757417205,14,0,0
gyk14m1i,96,z2aw429m,179,design_exp,QuestionPage,1757417205,23,0,0
gyk14m1i,95,f1swkbh4,155,design_exp,QuestionPage,1757417206,20,0,0
gyk14m1i,103,b91oij74,91,design_exp,QuestionPage,1757417206,12,0,0
gyk14m1i,97,ndlwp8yc,83,design_exp,QuestionPage,1757417207,11,0,0
gyk14m1i,118,8sedb38r,115,design_exp,QuestionPage,1757417210,15,0,0
gyk14m1i,136,zmrcmgji,83,design_exp,QuestionPage,1757417210,11,0,0
gyk14m1i,120,045y9tee,107,design_exp,QuestionPage,1757417210,14,0,0
gyk14m1i,110,dcwkv9e6,179,design_exp,QuestionPage,1757417211,23,0,0
gyk14m1i,140,x6qtfaio,115,design_exp,QuestionPage,1757417213,15,0,0
gyk14m1i,126,2pvgof39,147,design_exp,QuestionPage,1757417213,19,0,0
gyk14m1i,138,6jmuncv1,147,design_exp,QuestionPage,1757417214,19,0,0
gyk14m1i,139,39a3sfxm,75,design_exp,QuestionPage,1757417214,10,0,0
gyk14m1i,72,dddjz8c2,155,design_exp,QuestionPage,1757417215,20,0,0
gyk14m1i,67,3gmuwl3z,107,design_exp,QuestionPage,1757417216,14,0,0
gyk14m1i,90,f2ph7iaf,51,design_exp,QuestionPage,1757417217,7,0,0
gyk14m1i,130,5ucnlqe0,139,design_exp,QuestionPage,1757417217,18,0,0
gyk14m1i,65,vu3hdc79,123,design_exp,QuestionPage,1757417217,16,0,0
gyk14m1i,104,jz3gfzxv,147,design_exp,QuestionPage,1757417217,19,0,0
gyk14m1i,112,26qqpdoe,51,design_exp,QuestionPage,1757417217,7,0,0
gyk14m1i,95,f1swkbh4,163,design_exp,QuestionPage,1757417218,21,0,0
gyk14m1i,129,zpyg4jny,75,design_exp,QuestionPage,1757417218,10,0,0
gyk14m1i,110,dcwkv9e6,187,design_exp,QuestionPage,1757417218,24,0,0
gyk14m1i,144,kdfk209n,67,design_exp,QuestionPage,1757417219,9,0,0
gyk14m1i,105,9alruytk,107,design_exp,QuestionPage,1757417219,14,0,0
gyk14m1i,70,k7x7ijs5,179,design_exp,QuestionPage,1757417222,23,0,0
gyk14m1i,103,b91oij74,99,design_exp,QuestionPage,1757417223,13,0,0
gyk14m1i,126,2pvgof39,155,design_exp,QuestionPage,1757417224,20,0,0
gyk14m1i,124,4diegn6p,131,design_exp,QuestionPage,1757417225,17,0,0
gyk14m1i,95,f1swkbh4,171,design_exp,QuestionPage,1757417225,22,0,0
gyk14m1i,97,ndlwp8yc,91,design_exp,QuestionPage,1757417226,12,0,0
gyk14m1i,83,2p9yfdxb,123,design_exp,QuestionPage,1757417226,16,0,0
gyk14m1i,63,wdahmu3p,115,design_exp,QuestionPage,1757417227,15,0,0
gyk14m1i,96,z2aw429m,187,design_exp,QuestionPage,1757417227,24,0,0
gyk14m1i,105,9alruytk,115,design_exp,QuestionPage,1757417228,15,0,0
gyk14m1i,120,045y9tee,115,design_exp,QuestionPage,1757417229,15,0,0
gyk14m1i,136,zmrcmgji,91,design_exp,QuestionPage,1757417230,12,0,0
gyk14m1i,110,dcwkv9e6,195,design_exp,QuestionPage,1757417230,25,0,0
gyk14m1i,127,n3ep0qpx,43,design_exp,QuestionPage,1757417231,6,0,0
gyk14m1i,130,5ucnlqe0,147,design_exp,QuestionPage,1757417232,19,0,0
gyk14m1i,129,zpyg4jny,83,design_exp,QuestionPage,1757417233,11,0,0
gyk14m1i,139,39a3sfxm,83,design_exp,QuestionPage,1757417234,11,0,0
gyk14m1i,144,kdfk209n,75,design_exp,QuestionPage,1757417234,10,0,0
gyk14m1i,102,sfbmn01y,75,design_exp,QuestionPage,1757417234,10,0,0
gyk14m1i,96,z2aw429m,195,design_exp,QuestionPage,1757417236,25,0,0
gyk14m1i,120,045y9tee,123,design_exp,QuestionPage,1757417237,16,0,0
gyk14m1i,138,6jmuncv1,155,design_exp,QuestionPage,1757417237,20,0,0
gyk14m1i,141,zfil9us9,91,design_exp,QuestionPage,1757417240,12,0,0
gyk14m1i,139,39a3sfxm,91,design_exp,QuestionPage,1757417240,12,0,0
gyk14m1i,80,3p54j8xb,83,design_exp,QuestionPage,1757417243,11,0,0
gyk14m1i,97,ndlwp8yc,99,design_exp,QuestionPage,1757417244,13,0,0
gyk14m1i,149,mbi1ll5s,67,design_exp,QuestionPage,1757417245,9,0,0
gyk14m1i,130,5ucnlqe0,155,design_exp,QuestionPage,1757417245,20,0,0
gyk14m1i,144,kdfk209n,83,design_exp,QuestionPage,1757417246,11,0,0
gyk14m1i,136,zmrcmgji,99,design_exp,QuestionPage,1757417246,13,0,0
gyk14m1i,148,0tpl9jgb,51,design_exp,QuestionPage,1757417247,7,0,0
gyk14m1i,129,zpyg4jny,91,design_exp,QuestionPage,1757417248,12,0,0
gyk14m1i,103,b91oij74,107,design_exp,QuestionPage,1757417248,14,0,0
gyk14m1i,72,dddjz8c2,163,design_exp,QuestionPage,1757417249,21,0,0
gyk14m1i,147,gxg5zpog,35,design_exp,QuestionPage,1757417249,5,0,0
gyk14m1i,142,0r3k7uhj,123,design_exp,QuestionPage,1757417250,16,0,0
gyk14m1i,139,39a3sfxm,99,design_exp,QuestionPage,1757417251,13,0,0
gyk14m1i,96,z2aw429m,203,design_exp,QuestionPage,1757417251,26,0,0
gyk14m1i,127,n3ep0qpx,51,design_exp,QuestionPage,1757417253,7,0,0
gyk14m1i,102,sfbmn01y,83,design_exp,QuestionPage,1757417253,11,0,0
gyk14m1i,141,zfil9us9,99,design_exp,QuestionPage,1757417254,13,0,0
gyk14m1i,79,qvpjm66e,107,design_exp,QuestionPage,1757417255,14,0,0
gyk14m1i,120,045y9tee,131,design_exp,QuestionPage,1757417256,17,0,0
gyk14m1i,95,f1swkbh4,179,design_exp,QuestionPage,1757417257,23,0,0
gyk14m1i,83,2p9yfdxb,131,design_exp,QuestionPage,1757417257,17,0,0
gyk14m1i,97,ndlwp8yc,107,design_exp,QuestionPage,1757417259,14,0,0
gyk14m1i,138,6jmuncv1,163,design_exp,QuestionPage,1757417259,21,0,0
gyk14m1i,80,3p54j8xb,91,design_exp,QuestionPage,1757417259,12,0,0
gyk14m1i,96,z2aw429m,211,design_exp,QuestionPage,1757417261,27,0,0
gyk14m1i,116,f8yeic2s,131,design_exp,QuestionPage,1757417262,17,0,0
gyk14m1i,86,zcqgfmm2,179,design_exp,QuestionPage,1757417262,23,0,0
gyk14m1i,134,0gwqalql,107,design_exp,QuestionPage,1757417262,14,0,0
gyk14m1i,105,9alruytk,123,design_exp,QuestionPage,1757417263,16,0,0
gyk14m1i,118,8sedb38r,123,design_exp,QuestionPage,1757417263,16,0,0
gyk14m1i,70,k7x7ijs5,187,design_exp,QuestionPage,1757417266,24,0,0
gyk14m1i,120,045y9tee,139,design_exp,QuestionPage,1757417267,18,0,0
gyk14m1i,129,zpyg4jny,99,design_exp,QuestionPage,1757417267,13,0,0
gyk14m1i,78,861gjeo0,115,design_exp,QuestionPage,1757417268,15,0,0
gyk14m1i,79,qvpjm66e,115,design_exp,QuestionPage,1757417269,15,0,0
gyk14m1i,95,f1swkbh4,187,design_exp,QuestionPage,1757417270,24,0,0
gyk14m1i,138,6jmuncv1,171,design_exp,QuestionPage,1757417270,22,0,0
gyk14m1i,70,k7x7ijs5,195,design_exp,QuestionPage,1757417271,25,0,0
gyk14m1i,105,9alruytk,131,design_exp,QuestionPage,1757417271,17,0,0
gyk14m1i,147,gxg5zpog,43,design_exp,QuestionPage,1757417271,6,0,0
gyk14m1i,63,wdahmu3p,123,design_exp,QuestionPage,1757417272,16,0,0
gyk14m1i,120,045y9tee,147,design_exp,QuestionPage,1757417272,19,0,0
gyk14m1i,103,b91oij74,115,design_exp,QuestionPage,1757417272,15,0,0
gyk14m1i,144,kdfk209n,91,design_exp,QuestionPage,1757417272,12,0,0
gyk14m1i,130,5ucnlqe0,163,design_exp,QuestionPage,1757417273,21,0,0
gyk14m1i,67,3gmuwl3z,115,design_exp,QuestionPage,1757417273,15,0,0
gyk14m1i,119,pkbhua8j,91,design_exp,QuestionPage,1757417274,12,0,0
gyk14m1i,72,dddjz8c2,171,design_exp,QuestionPage,1757417277,22,0,0
gyk14m1i,142,0r3k7uhj,131,design_exp,QuestionPage,1757417277,17,0,0
gyk14m1i,139,39a3sfxm,107,design_exp,QuestionPage,1757417277,14,0,0
gyk14m1i,129,zpyg4jny,107,design_exp,QuestionPage,1757417278,14,0,0
gyk14m1i,141,zfil9us9,107,design_exp,QuestionPage,1757417279,14,0,0
gyk14m1i,67,3gmuwl3z,123,design_exp,QuestionPage,1757417279,16,0,0
gyk14m1i,83,2p9yfdxb,139,design_exp,QuestionPage,1757417284,18,0,0
gyk14m1i,95,f1swkbh4,195,design_exp,QuestionPage,1757417285,25,0,0
gyk14m1i,130,5ucnlqe0,171,design_exp,QuestionPage,1757417285,22,0,0
gyk14m1i,80,3p54j8xb,99,design_exp,QuestionPage,1757417288,13,0,0
gyk14m1i,138,6jmuncv1,179,design_exp,QuestionPage,1757417289,23,0,0
gyk14m1i,63,wdahmu3p,131,design_exp,QuestionPage,1757417290,17,0,0
gyk14m1i,78,861gjeo0,123,design_exp,QuestionPage,1757417290,16,0,0
gyk14m1i,110,dcwkv9e6,203,design_exp,QuestionPage,1757417290,26,0,0
gyk14m1i,96,z2aw429m,220,design_exp,CognitiveLimitInvestmentPage,1757417290,28,0,0
gyk14m1i,129,zpyg4jny,115,design_exp,QuestionPage,1757417291,15,0,0
gyk14m1i,79,qvpjm66e,123,design_exp,QuestionPage,1757417291,16,0,0
gyk14m1i,103,b91oij74,123,design_exp,QuestionPage,1757417292,16,0,0
gyk14m1i,140,x6qtfaio,123,design_exp,QuestionPage,1757417292,16,0,0
gyk14m1i,70,k7x7ijs5,203,design_exp,QuestionPage,1757417293,26,0,0
gyk14m1i,67,3gmuwl3z,131,design_exp,QuestionPage,1757417293,17,0,0
gyk14m1i,105,9alruytk,139,design_exp,QuestionPage,1757417294,18,0,0
gyk14m1i,118,8sedb38r,131,design_exp,QuestionPage,1757417296,17,0,0
gyk14m1i,78,861gjeo0,131,design_exp,QuestionPage,1757417298,17,0,0
gyk14m1i,80,3p54j8xb,107,design_exp,QuestionPage,1757417298,14,0,0
gyk14m1i,63,wdahmu3p,139,design_exp,QuestionPage,1757417298,18,0,0
gyk14m1i,130,5ucnlqe0,179,design_exp,QuestionPage,1757417298,23,0,0
gyk14m1i,96,z2aw429m,228,design_exp,CognitiveLimitInvestmentPage,1757417299,29,0,0
gyk14m1i,134,0gwqalql,115,design_exp,QuestionPage,1757417299,15,0,0
gyk14m1i,83,2p9yfdxb,147,design_exp,QuestionPage,1757417299,19,0,0
gyk14m1i,120,045y9tee,155,design_exp,QuestionPage,1757417299,20,0,0
gyk14m1i,110,dcwkv9e6,211,design_exp,QuestionPage,1757417300,27,0,0
gyk14m1i,141,zfil9us9,115,design_exp,QuestionPage,1757417300,15,0,0
gyk14m1i,140,x6qtfaio,131,design_exp,QuestionPage,1757417302,17,0,0
gyk14m1i,73,3oagklp3,187,design_exp,QuestionPage,1757417302,24,0,0
gyk14m1i,95,f1swkbh4,203,design_exp,QuestionPage,1757417303,26,0,0
gyk14m1i,123,dzblqzip,115,design_exp,QuestionPage,1757417304,15,0,0
gyk14m1i,129,zpyg4jny,123,design_exp,QuestionPage,1757417305,16,0,0
gyk14m1i,70,k7x7ijs5,211,design_exp,QuestionPage,1757417306,27,0,0
gyk14m1i,96,z2aw429m,236,design_exp,CognitiveLimitInvestmentPage,1757417306,30,0,0
gyk14m1i,112,26qqpdoe,59,design_exp,QuestionPage,1757417306,8,0,0
gyk14m1i,80,3p54j8xb,115,design_exp,QuestionPage,1757417307,15,0,0
gyk14m1i,120,045y9tee,163,design_exp,QuestionPage,1757417307,21,0,0
gyk14m1i,126,2pvgof39,163,design_exp,QuestionPage,1757417308,21,0,0
gyk14m1i,73,3oagklp3,195,design_exp,QuestionPage,1757417308,25,0,0
gyk14m1i,63,wdahmu3p,147,design_exp,QuestionPage,1757417309,19,0,0
gyk14m1i,83,2p9yfdxb,155,design_exp,QuestionPage,1757417310,20,0,0
gyk14m1i,94,8a70oopu,99,design_exp,QuestionPage,1757417310,13,0,0
gyk14m1i,96,z2aw429m,244,design_exp,CognitiveLimitInvestmentPage,1757417312,31,0,0
gyk14m1i,130,5ucnlqe0,187,design_exp,QuestionPage,1757417312,24,0,0
gyk14m1i,80,3p54j8xb,123,design_exp,QuestionPage,1757417313,16,0,0
gyk14m1i,134,0gwqalql,123,design_exp,QuestionPage,1757417314,16,0,0
gyk14m1i,79,qvpjm66e,131,design_exp,QuestionPage,1757417314,17,0,0
gyk14m1i,120,045y9tee,171,design_exp,QuestionPage,1757417317,22,0,0
gyk14m1i,138,6jmuncv1,187,design_exp,QuestionPage,1757417318,24,0,0
gyk14m1i,63,wdahmu3p,155,design_exp,QuestionPage,1757417319,20,0,0
gyk14m1i,147,gxg5zpog,51,design_exp,QuestionPage,1757417320,7,0,0
gyk14m1i,140,x6qtfaio,139,design_exp,QuestionPage,1757417320,18,0,0
gyk14m1i,95,f1swkbh4,211,design_exp,QuestionPage,1757417322,27,0,0
gyk14m1i,130,5ucnlqe0,195,design_exp,QuestionPage,1757417324,25,0,0
gyk14m1i,67,3gmuwl3z,139,design_exp,QuestionPage,1757417324,18,0,0
gyk14m1i,119,pkbhua8j,99,design_exp,QuestionPage,1757417325,13,0,0
gyk14m1i,142,0r3k7uhj,139,design_exp,QuestionPage,1757417325,18,0,0
gyk14m1i,139,39a3sfxm,115,design_exp,QuestionPage,1757417327,15,0,0
gyk14m1i,126,2pvgof39,171,design_exp,QuestionPage,1757417329,22,0,0
gyk14m1i,123,dzblqzip,123,design_exp,QuestionPage,1757417329,16,0,0
gyk14m1i,83,2p9yfdxb,163,design_exp,QuestionPage,1757417330,21,0,0
gyk14m1i,73,3oagklp3,203,design_exp,QuestionPage,1757417331,26,0,0
gyk14m1i,105,9alruytk,147,design_exp,QuestionPage,1757417332,19,0,0
gyk14m1i,120,045y9tee,179,design_exp,QuestionPage,1757417333,23,0,0
gyk14m1i,67,3gmuwl3z,147,design_exp,QuestionPage,1757417335,19,0,0
gyk14m1i,147,gxg5zpog,59,design_exp,QuestionPage,1757417335,8,0,0
gyk14m1i,116,f8yeic2s,139,design_exp,QuestionPage,1757417336,18,0,0
gyk14m1i,96,z2aw429m,253,design_exp,CognitiveLimitBoxPage,1757417336,32,0,0
gyk14m1i,79,qvpjm66e,139,design_exp,QuestionPage,1757417337,18,0,0
gyk14m1i,123,dzblqzip,131,design_exp,QuestionPage,1757417337,17,0,0
gyk14m1i,118,8sedb38r,139,design_exp,QuestionPage,1757417338,18,0,0
gyk14m1i,129,zpyg4jny,131,design_exp,QuestionPage,1757417338,17,0,0
gyk14m1i,80,3p54j8xb,131,design_exp,QuestionPage,1757417338,17,0,0
gyk14m1i,105,9alruytk,155,design_exp,QuestionPage,1757417339,20,0,0
gyk14m1i,78,861gjeo0,139,design_exp,QuestionPage,1757417341,18,0,0
gyk14m1i,138,6jmuncv1,195,design_exp,QuestionPage,1757417345,25,0,0
gyk14m1i,80,3p54j8xb,139,design_exp,QuestionPage,1757417346,18,0,0
gyk14m1i,126,2pvgof39,179,design_exp,QuestionPage,1757417346,23,0,0
gyk14m1i,70,k7x7ijs5,220,design_exp,CognitiveLimitInvestmentPage,1757417346,28,0,0
gyk14m1i,73,3oagklp3,211,design_exp,QuestionPage,1757417347,27,0,0
gyk14m1i,120,045y9tee,187,design_exp,QuestionPage,1757417348,24,0,0
gyk14m1i,105,9alruytk,163,design_exp,QuestionPage,1757417349,21,0,0
gyk14m1i,141,zfil9us9,123,design_exp,QuestionPage,1757417350,16,0,0
gyk14m1i,94,8a70oopu,107,design_exp,QuestionPage,1757417351,14,0,0
gyk14m1i,123,dzblqzip,139,design_exp,QuestionPage,1757417351,18,0,0
gyk14m1i,83,2p9yfdxb,171,design_exp,QuestionPage,1757417354,22,0,0
gyk14m1i,80,3p54j8xb,147,design_exp,QuestionPage,1757417354,19,0,0
gyk14m1i,112,26qqpdoe,67,design_exp,QuestionPage,1757417355,9,0,0
gyk14m1i,86,zcqgfmm2,187,design_exp,QuestionPage,1757417356,24,0,0
gyk14m1i,138,6jmuncv1,203,design_exp,QuestionPage,1757417357,26,0,0
gyk14m1i,70,k7x7ijs5,228,design_exp,CognitiveLimitInvestmentPage,1757417357,29,0,0
gyk14m1i,142,0r3k7uhj,147,design_exp,QuestionPage,1757417357,19,0,0
gyk14m1i,123,dzblqzip,147,design_exp,QuestionPage,1757417358,19,0,0
gyk14m1i,67,3gmuwl3z,155,design_exp,QuestionPage,1757417359,20,0,0
gyk14m1i,118,8sedb38r,147,design_exp,QuestionPage,1757417359,19,0,0
gyk14m1i,65,vu3hdc79,131,design_exp,QuestionPage,1757417360,17,0,0
gyk14m1i,96,z2aw429m,262,design_exp,CognitiveLimitInsurancePage,1757417360,33,0,0
gyk14m1i,126,2pvgof39,187,design_exp,QuestionPage,1757417361,24,0,0
gyk14m1i,80,3p54j8xb,155,design_exp,QuestionPage,1757417361,20,0,0
gyk14m1i,130,5ucnlqe0,203,design_exp,QuestionPage,1757417362,26,0,0
gyk14m1i,119,pkbhua8j,107,design_exp,QuestionPage,1757417363,14,0,0
gyk14m1i,105,9alruytk,171,design_exp,QuestionPage,1757417363,22,0,0
gyk14m1i,120,045y9tee,195,design_exp,QuestionPage,1757417363,25,0,0
gyk14m1i,129,zpyg4jny,139,design_exp,QuestionPage,1757417364,18,0,0
gyk14m1i,134,0gwqalql,131,design_exp,QuestionPage,1757417364,17,0,0
gyk14m1i,63,wdahmu3p,163,design_exp,QuestionPage,1757417365,21,0,0
gyk14m1i,72,dddjz8c2,179,design_exp,QuestionPage,1757417367,23,0,0
gyk14m1i,70,k7x7ijs5,236,design_exp,CognitiveLimitInvestmentPage,1757417369,30,0,0
gyk14m1i,104,jz3gfzxv,155,design_exp,QuestionPage,1757417369,20,0,0
gyk14m1i,86,zcqgfmm2,195,design_exp,QuestionPage,1757417370,25,0,0
gyk14m1i,79,qvpjm66e,147,design_exp,QuestionPage,1757417371,19,0,0
gyk14m1i,123,dzblqzip,155,design_exp,QuestionPage,1757417371,20,0,0
gyk14m1i,138,6jmuncv1,211,design_exp,QuestionPage,1757417372,27,0,0
gyk14m1i,95,f1swkbh4,220,design_exp,CognitiveLimitInvestmentPage,1757417373,28,0,0
gyk14m1i,126,2pvgof39,195,design_exp,QuestionPage,1757417373,25,0,0
gyk14m1i,112,26qqpdoe,75,design_exp,QuestionPage,1757417373,10,0,0
gyk14m1i,129,zpyg4jny,147,design_exp,QuestionPage,1757417374,19,0,0
gyk14m1i,80,3p54j8xb,163,design_exp,QuestionPage,1757417374,21,0,0
gyk14m1i,149,mbi1ll5s,75,design_exp,QuestionPage,1757417375,10,0,0
gyk14m1i,102,sfbmn01y,91,design_exp,QuestionPage,1757417375,12,0,0
gyk14m1i,140,x6qtfaio,147,design_exp,QuestionPage,1757417377,19,0,0
gyk14m1i,119,pkbhua8j,115,design_exp,QuestionPage,1757417378,15,0,0
gyk14m1i,70,k7x7ijs5,244,design_exp,CognitiveLimitInvestmentPage,1757417380,31,0,0
gyk14m1i,78,861gjeo0,147,design_exp,QuestionPage,1757417380,19,0,0
gyk14m1i,112,26qqpdoe,83,design_exp,QuestionPage,1757417381,11,0,0
gyk14m1i,83,2p9yfdxb,179,design_exp,QuestionPage,1757417381,23,0,0
gyk14m1i,79,qvpjm66e,155,design_exp,QuestionPage,1757417381,20,0,0
gyk14m1i,72,dddjz8c2,187,design_exp,QuestionPage,1757417385,24,0,0
gyk14m1i,126,2pvgof39,203,design_exp,QuestionPage,1757417387,26,0,0
gyk14m1i,86,zcqgfmm2,203,design_exp,QuestionPage,1757417388,26,0,0
gyk14m1i,140,x6qtfaio,155,design_exp,QuestionPage,1757417389,20,0,0
gyk14m1i,83,2p9yfdxb,187,design_exp,QuestionPage,1757417390,24,0,0
gyk14m1i,136,zmrcmgji,107,design_exp,QuestionPage,1757417390,14,0,0
gyk14m1i,63,wdahmu3p,171,design_exp,QuestionPage,1757417393,22,0,0
gyk14m1i,142,0r3k7uhj,155,design_exp,QuestionPage,1757417393,20,0,0
gyk14m1i,104,jz3gfzxv,163,design_exp,QuestionPage,1757417396,21,0,0
gyk14m1i,79,qvpjm66e,163,design_exp,QuestionPage,1757417397,21,0,0
gyk14m1i,86,zcqgfmm2,211,design_exp,QuestionPage,1757417397,27,0,0
gyk14m1i,141,zfil9us9,131,design_exp,QuestionPage,1757417397,17,0,0
gyk14m1i,95,f1swkbh4,228,design_exp,CognitiveLimitInvestmentPage,1757417397,29,0,0
gyk14m1i,80,3p54j8xb,171,design_exp,QuestionPage,1757417397,22,0,0
gyk14m1i,102,sfbmn01y,99,design_exp,QuestionPage,1757417400,13,0,0
gyk14m1i,120,045y9tee,203,design_exp,QuestionPage,1757417400,26,0,0
gyk14m1i,83,2p9yfdxb,195,design_exp,QuestionPage,1757417401,25,0,0
gyk14m1i,126,2pvgof39,211,design_exp,QuestionPage,1757417402,27,0,0
gyk14m1i,140,x6qtfaio,163,design_exp,QuestionPage,1757417402,21,0,0
gyk14m1i,138,6jmuncv1,220,design_exp,CognitiveLimitInvestmentPage,1757417403,28,0,0
gyk14m1i,149,mbi1ll5s,83,design_exp,QuestionPage,1757417403,11,0,0
gyk14m1i,112,26qqpdoe,91,design_exp,QuestionPage,1757417404,12,0,0
gyk14m1i,123,dzblqzip,163,design_exp,QuestionPage,1757417405,21,0,0
gyk14m1i,136,zmrcmgji,115,design_exp,QuestionPage,1757417406,15,0,0
gyk14m1i,130,5ucnlqe0,211,design_exp,QuestionPage,1757417406,27,0,0
gyk14m1i,118,8sedb38r,155,design_exp,QuestionPage,1757417408,20,0,0
gyk14m1i,139,39a3sfxm,123,design_exp,QuestionPage,1757417408,16,0,0
gyk14m1i,116,f8yeic2s,147,design_exp,QuestionPage,1757417409,19,0,0
gyk14m1i,125,w1uij58e,59,design_exp,QuestionPage,1757417411,8,0,0
gyk14m1i,73,3oagklp3,220,design_exp,CognitiveLimitInvestmentPage,1757417411,28,0,0
gyk14m1i,80,3p54j8xb,179,design_exp,QuestionPage,1757417412,23,0,0
gyk14m1i,94,8a70oopu,115,design_exp,QuestionPage,1757417412,15,0,0
gyk14m1i,63,wdahmu3p,179,design_exp,QuestionPage,1757417413,23,0,0
gyk14m1i,79,qvpjm66e,171,design_exp,QuestionPage,1757417413,22,0,0
gyk14m1i,95,f1swkbh4,236,design_exp,CognitiveLimitInvestmentPage,1757417415,30,0,0
gyk14m1i,120,045y9tee,211,design_exp,QuestionPage,1757417415,27,0,0
gyk14m1i,138,6jmuncv1,228,design_exp,CognitiveLimitInvestmentPage,1757417416,29,0,0
gyk14m1i,96,z2aw429m,271,design_exp,SurveyPage,1757417416,34,0,0
gyk14m1i,72,dddjz8c2,195,design_exp,QuestionPage,1757417416,25,0,0
gyk14m1i,123,dzblqzip,171,design_exp,QuestionPage,1757417419,22,0,0
gyk14m1i,129,zpyg4jny,155,design_exp,QuestionPage,1757417419,20,0,0
gyk14m1i,118,8sedb38r,163,design_exp,QuestionPage,1757417420,21,0,0
gyk14m1i,116,f8yeic2s,155,design_exp,QuestionPage,1757417420,20,0,0
gyk14m1i,83,2p9yfdxb,203,design_exp,QuestionPage,1757417421,26,0,0
gyk14m1i,63,wdahmu3p,187,design_exp,QuestionPage,1757417421,24,0,0
gyk14m1i,112,26qqpdoe,99,design_exp,QuestionPage,1757417423,13,0,0
gyk14m1i,67,3gmuwl3z,163,design_exp,QuestionPage,1757417424,21,0,0
gyk14m1i,104,jz3gfzxv,171,design_exp,QuestionPage,1757417424,22,0,0
gyk14m1i,97,ndlwp8yc,115,design_exp,QuestionPage,1757417426,15,0,0
gyk14m1i,123,dzblqzip,179,design_exp,QuestionPage,1757417426,23,0,0
gyk14m1i,102,sfbmn01y,107,design_exp,QuestionPage,1757417426,14,0,0
gyk14m1i,116,f8yeic2s,163,design_exp,QuestionPage,1757417427,21,0,0
gyk14m1i,147,gxg5zpog,67,design_exp,QuestionPage,1757417427,9,0,0
gyk14m1i,119,pkbhua8j,123,design_exp,QuestionPage,1757417428,16,0,0
gyk14m1i,80,3p54j8xb,187,design_exp,QuestionPage,1757417428,24,0,0
gyk14m1i,63,wdahmu3p,195,design_exp,QuestionPage,1757417428,25,0,0
gyk14m1i,96,z2aw429m,279,design_exp,SurveyPage,1757417428,35,0,0
gyk14m1i,86,zcqgfmm2,220,design_exp,CognitiveLimitInvestmentPage,1757417429,28,0,0
gyk14m1i,138,6jmuncv1,236,design_exp,CognitiveLimitInvestmentPage,1757417429,30,0,0
gyk14m1i,105,9alruytk,179,design_exp,QuestionPage,1757417431,23,0,0
gyk14m1i,142,0r3k7uhj,163,design_exp,QuestionPage,1757417431,21,0,0
gyk14m1i,139,39a3sfxm,131,design_exp,QuestionPage,1757417432,17,0,0
gyk14m1i,83,2p9yfdxb,211,design_exp,QuestionPage,1757417432,27,0,0
gyk14m1i,67,3gmuwl3z,171,design_exp,QuestionPage,1757417433,22,0,0
gyk14m1i,134,0gwqalql,139,design_exp,QuestionPage,1757417433,18,0,0
gyk14m1i,120,045y9tee,220,design_exp,CognitiveLimitInvestmentPage,1757417433,28,0,0
gyk14m1i,104,jz3gfzxv,179,design_exp,QuestionPage,1757417433,23,0,0
gyk14m1i,126,2pvgof39,220,design_exp,CognitiveLimitInvestmentPage,1757417433,28,0,0
gyk14m1i,97,ndlwp8yc,123,design_exp,QuestionPage,1757417436,16,0,0
gyk14m1i,95,f1swkbh4,244,design_exp,CognitiveLimitInvestmentPage,1757417437,31,0,0
gyk14m1i,72,dddjz8c2,203,design_exp,QuestionPage,1757417438,26,0,0
gyk14m1i,79,qvpjm66e,179,design_exp,QuestionPage,1757417439,23,0,0
gyk14m1i,138,6jmuncv1,244,design_exp,CognitiveLimitInvestmentPage,1757417439,31,0,0
gyk14m1i,136,zmrcmgji,123,design_exp,QuestionPage,1757417439,16,0,0
gyk14m1i,141,zfil9us9,139,design_exp,QuestionPage,1757417440,18,0,0
gyk14m1i,149,mbi1ll5s,91,design_exp,QuestionPage,1757417441,12,0,0
gyk14m1i,73,3oagklp3,228,design_exp,CognitiveLimitInvestmentPage,1757417442,29,0,0
gyk14m1i,123,dzblqzip,187,design_exp,QuestionPage,1757417444,24,0,0
gyk14m1i,94,8a70oopu,123,design_exp,QuestionPage,1757417444,16,0,0
gyk14m1i,130,5ucnlqe0,220,design_exp,CognitiveLimitInvestmentPage,1757417444,28,0,0
gyk14m1i,80,3p54j8xb,195,design_exp,QuestionPage,1757417444,25,0,0
gyk14m1i,116,f8yeic2s,171,design_exp,QuestionPage,1757417445,22,0,0
gyk14m1i,103,b91oij74,131,design_exp,QuestionPage,1757417446,17,0,0
gyk14m1i,126,2pvgof39,228,design_exp,CognitiveLimitInvestmentPage,1757417446,29,0,0
gyk14m1i,140,x6qtfaio,171,design_exp,QuestionPage,1757417448,22,0,0
gyk14m1i,83,2p9yfdxb,220,design_exp,CognitiveLimitInvestmentPage,1757417448,28,0,0
gyk14m1i,86,zcqgfmm2,228,design_exp,CognitiveLimitInvestmentPage,1757417449,29,0,0
gyk14m1i,96,z2aw429m,287,design_exp,SurveyPage,1757417450,36,0,0
gyk14m1i,112,26qqpdoe,107,design_exp,QuestionPage,1757417450,14,0,0
gyk14m1i,70,k7x7ijs5,253,design_exp,CognitiveLimitBoxPage,1757417451,32,0,0
gyk14m1i,130,5ucnlqe0,228,design_exp,CognitiveLimitInvestmentPage,1757417452,29,0,0
gyk14m1i,120,045y9tee,228,design_exp,CognitiveLimitInvestmentPage,1757417453,29,0,0
gyk14m1i,83,2p9yfdxb,228,design_exp,CognitiveLimitInvestmentPage,1757417456,29,0,0
gyk14m1i,119,pkbhua8j,131,design_exp,QuestionPage,1757417456,17,0,0
gyk14m1i,80,3p54j8xb,203,design_exp,QuestionPage,1757417456,26,0,0
gyk14m1i,102,sfbmn01y,115,design_exp,QuestionPage,1757417457,15,0,0
gyk14m1i,67,3gmuwl3z,179,design_exp,QuestionPage,1757417457,23,0,0
gyk14m1i,147,gxg5zpog,75,design_exp,QuestionPage,1757417458,10,0,0
gyk14m1i,118,8sedb38r,171,design_exp,QuestionPage,1757417458,22,0,0
gyk14m1i,136,zmrcmgji,131,design_exp,QuestionPage,1757417459,17,0,0
gyk14m1i,79,qvpjm66e,187,design_exp,QuestionPage,1757417459,24,0,0
gyk14m1i,120,045y9tee,236,design_exp,CognitiveLimitInvestmentPage,1757417459,30,0,0
gyk14m1i,116,f8yeic2s,179,design_exp,QuestionPage,1757417461,23,0,0
gyk14m1i,96,z2aw429m,295,design_exp,SurveyPage,1757417461,37,0,0
gyk14m1i,83,2p9yfdxb,236,design_exp,CognitiveLimitInvestmentPage,1757417462,30,0,0
gyk14m1i,127,n3ep0qpx,59,design_exp,QuestionPage,1757417463,8,0,0
gyk14m1i,104,jz3gfzxv,187,design_exp,QuestionPage,1757417463,24,0,0
gyk14m1i,149,mbi1ll5s,99,design_exp,QuestionPage,1757417463,13,0,0
gyk14m1i,130,5ucnlqe0,236,design_exp,CognitiveLimitInvestmentPage,1757417464,30,0,0
gyk14m1i,73,3oagklp3,236,design_exp,CognitiveLimitInvestmentPage,1757417465,30,0,0
gyk14m1i,129,zpyg4jny,163,design_exp,QuestionPage,1757417465,21,0,0
gyk14m1i,86,zcqgfmm2,236,design_exp,CognitiveLimitInvestmentPage,1757417465,30,0,0
gyk14m1i,82,a13spce8,123,design_exp,QuestionPage,1757417465,16,0,0
gyk14m1i,120,045y9tee,244,design_exp,CognitiveLimitInvestmentPage,1757417465,31,0,0
gyk14m1i,80,3p54j8xb,211,design_exp,QuestionPage,1757417466,27,0,0
gyk14m1i,147,gxg5zpog,83,design_exp,QuestionPage,1757417466,11,0,0
gyk14m1i,83,2p9yfdxb,244,design_exp,CognitiveLimitInvestmentPage,1757417467,31,0,0
gyk14m1i,79,qvpjm66e,195,design_exp,QuestionPage,1757417468,25,0,0
gyk14m1i,103,b91oij74,139,design_exp,QuestionPage,1757417469,18,0,0
gyk14m1i,140,x6qtfaio,179,design_exp,QuestionPage,1757417470,23,0,0
gyk14m1i,126,2pvgof39,236,design_exp,CognitiveLimitInvestmentPage,1757417471,30,0,0
gyk14m1i,96,z2aw429m,303,design_exp,SurveyPage,1757417473,38,0,0
gyk14m1i,130,5ucnlqe0,244,design_exp,CognitiveLimitInvestmentPage,1757417474,31,0,0
gyk14m1i,116,f8yeic2s,187,design_exp,QuestionPage,1757417475,24,0,0
gyk14m1i,123,dzblqzip,195,design_exp,QuestionPage,1757417476,25,0,0
gyk14m1i,139,39a3sfxm,139,design_exp,QuestionPage,1757417476,18,0,0
gyk14m1i,86,zcqgfmm2,244,design_exp,CognitiveLimitInvestmentPage,1757417477,31,0,0
gyk14m1i,134,0gwqalql,147,design_exp,QuestionPage,1757417478,19,0,0
gyk14m1i,126,2pvgof39,244,design_exp,CognitiveLimitInvestmentPage,1757417479,31,0,0
gyk14m1i,96,z2aw429m,311,design_exp,SurveyPage,1757417481,39,0,0
gyk14m1i,82,a13spce8,131,design_exp,QuestionPage,1757417483,17,0,0
gyk14m1i,118,8sedb38r,179,design_exp,QuestionPage,1757417484,23,0,0
gyk14m1i,119,pkbhua8j,139,design_exp,QuestionPage,1757417485,18,0,0
gyk14m1i,147,gxg5zpog,91,design_exp,QuestionPage,1757417486,12,0,0
gyk14m1i,70,k7x7ijs5,262,design_exp,CognitiveLimitInsurancePage,1757417487,33,0,0
gyk14m1i,129,zpyg4jny,171,design_exp,QuestionPage,1757417488,22,0,0
gyk14m1i,63,wdahmu3p,203,design_exp,QuestionPage,1757417489,26,0,0
gyk14m1i,112,26qqpdoe,115,design_exp,QuestionPage,1757417490,15,0,0
gyk14m1i,141,zfil9us9,147,design_exp,QuestionPage,1757417493,19,0,0
gyk14m1i,94,8a70oopu,131,design_exp,QuestionPage,1757417494,17,0,0
gyk14m1i,139,39a3sfxm,147,design_exp,QuestionPage,1757417494,19,0,0
gyk14m1i,104,jz3gfzxv,195,design_exp,QuestionPage,1757417494,25,0,0
gyk14m1i,72,dddjz8c2,211,design_exp,QuestionPage,1757417494,27,0,0
gyk14m1i,67,3gmuwl3z,187,design_exp,QuestionPage,1757417495,24,0,0
gyk14m1i,140,x6qtfaio,187,design_exp,QuestionPage,1757417496,24,0,0
gyk14m1i,82,a13spce8,139,design_exp,QuestionPage,1757417498,18,0,0
gyk14m1i,63,wdahmu3p,211,design_exp,QuestionPage,1757417499,27,0,0
gyk14m1i,73,3oagklp3,244,design_exp,CognitiveLimitInvestmentPage,1757417501,31,0,0
gyk14m1i,80,3p54j8xb,220,design_exp,CognitiveLimitInvestmentPage,1757417501,28,0,0
gyk14m1i,116,f8yeic2s,195,design_exp,QuestionPage,1757417501,25,0,0
gyk14m1i,141,zfil9us9,155,design_exp,QuestionPage,1757417503,20,0,0
gyk14m1i,104,jz3gfzxv,203,design_exp,QuestionPage,1757417504,26,0,0
gyk14m1i,82,a13spce8,147,design_exp,QuestionPage,1757417504,19,0,0
gyk14m1i,97,ndlwp8yc,131,design_exp,QuestionPage,1757417506,17,0,0
gyk14m1i,67,3gmuwl3z,195,design_exp,QuestionPage,1757417508,25,0,0
gyk14m1i,129,zpyg4jny,179,design_exp,QuestionPage,1757417508,23,0,0
gyk14m1i,140,x6qtfaio,195,design_exp,QuestionPage,1757417508,25,0,0
gyk14m1i,147,gxg5zpog,99,design_exp,QuestionPage,1757417510,13,0,0
gyk14m1i,96,z2aw429m,319,design_exp,SurveyPage,1757417512,40,0,0
gyk14m1i,116,f8yeic2s,203,design_exp,QuestionPage,1757417515,26,0,0
gyk14m1i,104,jz3gfzxv,211,design_exp,QuestionPage,1757417515,27,0,0
gyk14m1i,90,f2ph7iaf,59,design_exp,QuestionPage,1757417516,8,0,0
gyk14m1i,123,dzblqzip,203,design_exp,QuestionPage,1757417516,26,0,0
gyk14m1i,119,pkbhua8j,147,design_exp,QuestionPage,1757417518,19,0,0
gyk14m1i,80,3p54j8xb,228,design_exp,CognitiveLimitInvestmentPage,1757417518,29,0,0
gyk14m1i,112,26qqpdoe,123,design_exp,QuestionPage,1757417519,16,0,0
gyk14m1i,136,zmrcmgji,139,design_exp,QuestionPage,1757417519,18,0,0
gyk14m1i,130,5ucnlqe0,253,design_exp,CognitiveLimitBoxPage,1757417521,32,0,0
gyk14m1i,125,w1uij58e,67,design_exp,QuestionPage,1757417521,9,0,0
gyk14m1i,123,dzblqzip,211,design_exp,QuestionPage,1757417521,27,0,0
gyk14m1i,139,39a3sfxm,155,design_exp,QuestionPage,1757417522,20,0,0
gyk14m1i,106,g7emliy5,107,design_exp,QuestionPage,1757417524,14,0,0
gyk14m1i,98,ofqdyk1q,131,design_exp,QuestionPage,1757417524,17,0,0
gyk14m1i,70,k7x7ijs5,271,design_exp,SurveyPage,1757417526,34,0,0
gyk14m1i,67,3gmuwl3z,203,design_exp,QuestionPage,1757417526,26,0,0
gyk14m1i,82,a13spce8,155,design_exp,QuestionPage,1757417529,20,0,0
gyk14m1i,129,zpyg4jny,187,design_exp,QuestionPage,1757417530,24,0,0
gyk14m1i,86,zcqgfmm2,253,design_exp,CognitiveLimitBoxPage,1757417532,32,0,0
gyk14m1i,98,ofqdyk1q,139,design_exp,QuestionPage,1757417532,18,0,0
gyk14m1i,90,f2ph7iaf,67,design_exp,QuestionPage,1757417533,9,0,0
gyk14m1i,72,dddjz8c2,220,design_exp,CognitiveLimitInvestmentPage,1757417533,28,0,0
gyk14m1i,63,wdahmu3p,220,design_exp,CognitiveLimitInvestmentPage,1757417533,28,0,0
gyk14m1i,97,ndlwp8yc,139,design_exp,QuestionPage,1757417533,18,0,0
gyk14m1i,120,045y9tee,253,design_exp,CognitiveLimitBoxPage,1757417534,32,0,0
gyk14m1i,67,3gmuwl3z,211,design_exp,QuestionPage,1757417535,27,0,0
gyk14m1i,139,39a3sfxm,163,design_exp,QuestionPage,1757417537,21,0,0
gyk14m1i,138,6jmuncv1,253,design_exp,CognitiveLimitBoxPage,1757417540,32,0,0
gyk14m1i,82,a13spce8,163,design_exp,QuestionPage,1757417542,21,0,0
gyk14m1i,147,gxg5zpog,107,design_exp,QuestionPage,1757417542,14,0,0
gyk14m1i,70,k7x7ijs5,279,design_exp,SurveyPage,1757417543,35,0,0
gyk14m1i,142,0r3k7uhj,171,design_exp,QuestionPage,1757417545,22,0,0
gyk14m1i,80,3p54j8xb,236,design_exp,CognitiveLimitInvestmentPage,1757417545,30,0,0
gyk14m1i,103,b91oij74,147,design_exp,QuestionPage,1757417545,19,0,0
gyk14m1i,129,zpyg4jny,195,design_exp,QuestionPage,1757417545,25,0,0
gyk14m1i,126,2pvgof39,253,design_exp,CognitiveLimitBoxPage,1757417546,32,0,0
gyk14m1i,149,mbi1ll5s,107,design_exp,QuestionPage,1757417546,14,0,0
gyk14m1i,72,dddjz8c2,228,design_exp,CognitiveLimitInvestmentPage,1757417546,29,0,0
gyk14m1i,130,5ucnlqe0,262,design_exp,CognitiveLimitInsurancePage,1757417549,33,0,0
gyk14m1i,63,wdahmu3p,228,design_exp,CognitiveLimitInvestmentPage,1757417550,29,0,0
gyk14m1i,139,39a3sfxm,171,design_exp,QuestionPage,1757417550,22,0,0
gyk14m1i,140,x6qtfaio,203,design_exp,QuestionPage,1757417552,26,0,0
gyk14m1i,123,dzblqzip,220,design_exp,CognitiveLimitInvestmentPage,1757417552,28,0,0
gyk14m1i,95,f1swkbh4,253,design_exp,CognitiveLimitBoxPage,1757417555,32,0,0
gyk14m1i,138,6jmuncv1,262,design_exp,CognitiveLimitInsurancePage,1757417555,33,0,0
gyk14m1i,104,jz3gfzxv,220,design_exp,CognitiveLimitInvestmentPage,1757417556,28,0,0
gyk14m1i,72,dddjz8c2,236,design_exp,CognitiveLimitInvestmentPage,1757417558,30,0,0
gyk14m1i,86,zcqgfmm2,262,design_exp,CognitiveLimitInsurancePage,1757417558,33,0,0
gyk14m1i,63,wdahmu3p,236,design_exp,CognitiveLimitInvestmentPage,1757417561,30,0,0
gyk14m1i,82,a13spce8,171,design_exp,QuestionPage,1757417561,22,0,0
gyk14m1i,79,qvpjm66e,203,design_exp,QuestionPage,1757417561,26,0,0
gyk14m1i,80,3p54j8xb,244,design_exp,CognitiveLimitInvestmentPage,1757417562,31,0,0
gyk14m1i,129,zpyg4jny,203,design_exp,QuestionPage,1757417562,26,0,0
gyk14m1i,111,xk05y1vj,83,design_exp,QuestionPage,1757417564,11,0,0
gyk14m1i,123,dzblqzip,228,design_exp,CognitiveLimitInvestmentPage,1757417564,29,0,0
gyk14m1i,125,w1uij58e,75,design_exp,QuestionPage,1757417564,10,0,0
gyk14m1i,126,2pvgof39,262,design_exp,CognitiveLimitInsurancePage,1757417565,33,0,0
gyk14m1i,72,dddjz8c2,244,design_exp,CognitiveLimitInvestmentPage,1757417569,31,0,0
gyk14m1i,112,26qqpdoe,131,design_exp,QuestionPage,1757417569,17,0,0
gyk14m1i,63,wdahmu3p,244,design_exp,CognitiveLimitInvestmentPage,1757417570,31,0,0
gyk14m1i,103,b91oij74,155,design_exp,QuestionPage,1757417571,20,0,0
gyk14m1i,94,8a70oopu,139,design_exp,QuestionPage,1757417572,18,0,0
gyk14m1i,142,0r3k7uhj,179,design_exp,QuestionPage,1757417573,23,0,0
gyk14m1i,123,dzblqzip,236,design_exp,CognitiveLimitInvestmentPage,1757417574,30,0,0
gyk14m1i,139,39a3sfxm,179,design_exp,QuestionPage,1757417574,23,0,0
gyk14m1i,147,gxg5zpog,115,design_exp,QuestionPage,1757417575,15,0,0
gyk14m1i,111,xk05y1vj,91,design_exp,QuestionPage,1757417576,12,0,0
gyk14m1i,116,f8yeic2s,211,design_exp,QuestionPage,1757417577,27,0,0
gyk14m1i,134,0gwqalql,155,design_exp,QuestionPage,1757417577,20,0,0
gyk14m1i,104,jz3gfzxv,228,design_exp,CognitiveLimitInvestmentPage,1757417579,29,0,0
gyk14m1i,149,mbi1ll5s,115,design_exp,QuestionPage,1757417581,15,0,0
gyk14m1i,139,39a3sfxm,187,design_exp,QuestionPage,1757417582,24,0,0
gyk14m1i,73,3oagklp3,253,design_exp,CognitiveLimitBoxPage,1757417583,32,0,0
gyk14m1i,140,x6qtfaio,211,design_exp,QuestionPage,1757417584,27,0,0
gyk14m1i,90,f2ph7iaf,75,design_exp,QuestionPage,1757417586,10,0,0
gyk14m1i,86,zcqgfmm2,271,design_exp,SurveyPage,1757417586,34,0,0
gyk14m1i,123,dzblqzip,244,design_exp,CognitiveLimitInvestmentPage,1757417588,31,0,0
gyk14m1i,120,045y9tee,262,design_exp,CognitiveLimitInsurancePage,1757417589,33,0,0
gyk14m1i,83,2p9yfdxb,253,design_exp,CognitiveLimitBoxPage,1757417592,32,0,0
gyk14m1i,111,xk05y1vj,99,design_exp,QuestionPage,1757417592,13,0,0
gyk14m1i,79,qvpjm66e,211,design_exp,QuestionPage,1757417593,27,0,0
gyk14m1i,67,3gmuwl3z,220,design_exp,CognitiveLimitInvestmentPage,1757417594,28,0,0
gyk14m1i,95,f1swkbh4,262,design_exp,CognitiveLimitInsurancePage,1757417597,33,0,0
gyk14m1i,149,mbi1ll5s,123,design_exp,QuestionPage,1757417597,16,0,0
gyk14m1i,70,k7x7ijs5,287,design_exp,SurveyPage,1757417599,36,0,0
gyk14m1i,104,jz3gfzxv,236,design_exp,CognitiveLimitInvestmentPage,1757417601,30,0,0
gyk14m1i,67,3gmuwl3z,228,design_exp,CognitiveLimitInvestmentPage,1757417602,29,0,0
gyk14m1i,98,ofqdyk1q,147,design_exp,QuestionPage,1757417602,19,0,0
gyk14m1i,86,zcqgfmm2,279,design_exp,SurveyPage,1757417603,35,0,0
gyk14m1i,82,a13spce8,179,design_exp,QuestionPage,1757417606,23,0,0
gyk14m1i,90,f2ph7iaf,83,design_exp,QuestionPage,1757417606,11,0,0
gyk14m1i,103,b91oij74,163,design_exp,QuestionPage,1757417607,21,0,0
gyk14m1i,111,xk05y1vj,107,design_exp,QuestionPage,1757417607,14,0,0
gyk14m1i,67,3gmuwl3z,236,design_exp,CognitiveLimitInvestmentPage,1757417608,30,0,0
gyk14m1i,78,861gjeo0,155,design_exp,QuestionPage,1757417608,20,0,0
gyk14m1i,112,26qqpdoe,139,design_exp,QuestionPage,1757417609,18,0,0
gyk14m1i,126,2pvgof39,271,design_exp,SurveyPage,1757417611,34,0,0
gyk14m1i,129,zpyg4jny,211,design_exp,QuestionPage,1757417611,27,0,0
gyk14m1i,83,2p9yfdxb,262,design_exp,CognitiveLimitInsurancePage,1757417613,33,0,0
gyk14m1i,67,3gmuwl3z,244,design_exp,CognitiveLimitInvestmentPage,1757417613,31,0,0
gyk14m1i,112,26qqpdoe,147,design_exp,QuestionPage,1757417615,19,0,0
gyk14m1i,82,a13spce8,187,design_exp,QuestionPage,1757417615,24,0,0
gyk14m1i,111,xk05y1vj,115,design_exp,QuestionPage,1757417617,15,0,0
gyk14m1i,130,5ucnlqe0,271,design_exp,SurveyPage,1757417618,34,0,0
gyk14m1i,149,mbi1ll5s,131,design_exp,QuestionPage,1757417620,17,0,0
gyk14m1i,73,3oagklp3,262,design_exp,CognitiveLimitInsurancePage,1757417621,33,0,0
gyk14m1i,79,qvpjm66e,220,design_exp,CognitiveLimitInvestmentPage,1757417623,28,0,0
gyk14m1i,78,861gjeo0,163,design_exp,QuestionPage,1757417623,21,0,0
gyk14m1i,104,jz3gfzxv,244,design_exp,CognitiveLimitInvestmentPage,1757417623,31,0,0
gyk14m1i,90,f2ph7iaf,91,design_exp,QuestionPage,1757417623,12,0,0
gyk14m1i,112,26qqpdoe,155,design_exp,QuestionPage,1757417623,20,0,0
gyk14m1i,98,ofqdyk1q,155,design_exp,QuestionPage,1757417630,20,0,0
gyk14m1i,79,qvpjm66e,228,design_exp,CognitiveLimitInvestmentPage,1757417632,29,0,0
gyk14m1i,129,zpyg4jny,220,design_exp,CognitiveLimitInvestmentPage,1757417635,28,0,0
gyk14m1i,79,qvpjm66e,236,design_exp,CognitiveLimitInvestmentPage,1757417639,30,0,0
gyk14m1i,95,f1swkbh4,271,design_exp,SurveyPage,1757417641,34,0,0
gyk14m1i,126,2pvgof39,279,design_exp,SurveyPage,1757417642,35,0,0
gyk14m1i,118,8sedb38r,187,design_exp,QuestionPage,1757417646,24,0,0
gyk14m1i,83,2p9yfdxb,271,design_exp,SurveyPage,1757417646,34,0,0
gyk14m1i,79,qvpjm66e,244,design_exp,CognitiveLimitInvestmentPage,1757417647,31,0,0
gyk14m1i,129,zpyg4jny,228,design_exp,CognitiveLimitInvestmentPage,1757417647,29,0,0
gyk14m1i,116,f8yeic2s,220,design_exp,CognitiveLimitInvestmentPage,1757417648,28,0,0
gyk14m1i,119,pkbhua8j,155,design_exp,QuestionPage,1757417649,20,0,0
gyk14m1i,141,zfil9us9,163,design_exp,QuestionPage,1757417650,21,0,0
gyk14m1i,78,861gjeo0,171,design_exp,QuestionPage,1757417650,22,0,0
gyk14m1i,111,xk05y1vj,123,design_exp,QuestionPage,1757417653,16,0,0
gyk14m1i,149,mbi1ll5s,139,design_exp,QuestionPage,1757417656,18,0,0
gyk14m1i,129,zpyg4jny,236,design_exp,CognitiveLimitInvestmentPage,1757417656,30,0,0
gyk14m1i,63,wdahmu3p,253,design_exp,CognitiveLimitBoxPage,1757417657,32,0,0
gyk14m1i,97,ndlwp8yc,147,design_exp,QuestionPage,1757417658,19,0,0
gyk14m1i,103,b91oij74,171,design_exp,QuestionPage,1757417659,22,0,0
gyk14m1i,120,045y9tee,271,design_exp,SurveyPage,1757417659,34,0,0
gyk14m1i,73,3oagklp3,271,design_exp,SurveyPage,1757417659,34,0,0
gyk14m1i,140,x6qtfaio,220,design_exp,CognitiveLimitInvestmentPage,1757417659,28,0,0
gyk14m1i,86,zcqgfmm2,287,design_exp,SurveyPage,1757417660,36,0,0
gyk14m1i,70,k7x7ijs5,295,design_exp,SurveyPage,1757417661,37,0,0
gyk14m1i,95,f1swkbh4,279,design_exp,SurveyPage,1757417662,35,0,0
gyk14m1i,141,zfil9us9,171,design_exp,QuestionPage,1757417662,22,0,0
gyk14m1i,90,f2ph7iaf,99,design_exp,QuestionPage,1757417662,13,0,0
gyk14m1i,130,5ucnlqe0,279,design_exp,SurveyPage,1757417663,35,0,0
gyk14m1i,129,zpyg4jny,244,design_exp,CognitiveLimitInvestmentPage,1757417667,31,0,0
gyk14m1i,141,zfil9us9,179,design_exp,QuestionPage,1757417671,23,0,0
gyk14m1i,116,f8yeic2s,228,design_exp,CognitiveLimitInvestmentPage,1757417673,29,0,0
gyk14m1i,97,ndlwp8yc,155,design_exp,QuestionPage,1757417674,20,0,0
gyk14m1i,83,2p9yfdxb,279,design_exp,SurveyPage,1757417674,35,0,0
gyk14m1i,111,xk05y1vj,131,design_exp,QuestionPage,1757417678,17,0,0
gyk14m1i,118,8sedb38r,195,design_exp,QuestionPage,1757417679,25,0,0
gyk14m1i,72,dddjz8c2,253,design_exp,CognitiveLimitBoxPage,1757417679,32,0,0
gyk14m1i,140,x6qtfaio,228,design_exp,CognitiveLimitInvestmentPage,1757417679,29,0,0
gyk14m1i,98,ofqdyk1q,163,design_exp,QuestionPage,1757417682,21,0,0
gyk14m1i,73,3oagklp3,279,design_exp,SurveyPage,1757417682,35,0,0
gyk14m1i,120,045y9tee,279,design_exp,SurveyPage,1757417683,35,0,0
gyk14m1i,123,dzblqzip,253,design_exp,CognitiveLimitBoxPage,1757417684,32,0,0
gyk14m1i,90,f2ph7iaf,107,design_exp,QuestionPage,1757417685,14,0,0
gyk14m1i,141,zfil9us9,187,design_exp,QuestionPage,1757417687,24,0,0
gyk14m1i,142,0r3k7uhj,187,design_exp,QuestionPage,1757417687,24,0,0
gyk14m1i,125,w1uij58e,83,design_exp,QuestionPage,1757417689,11,0,0
gyk14m1i,80,3p54j8xb,253,design_exp,CognitiveLimitBoxPage,1757417690,32,0,0
gyk14m1i,70,k7x7ijs5,303,design_exp,SurveyPage,1757417690,38,0,0
gyk14m1i,149,mbi1ll5s,147,design_exp,QuestionPage,1757417692,19,0,0
gyk14m1i,98,ofqdyk1q,171,design_exp,QuestionPage,1757417693,22,0,0
gyk14m1i,140,x6qtfaio,236,design_exp,CognitiveLimitInvestmentPage,1757417693,30,0,0
gyk14m1i,63,wdahmu3p,262,design_exp,CognitiveLimitInsurancePage,1757417695,33,0,0
gyk14m1i,118,8sedb38r,203,design_exp,QuestionPage,1757417698,26,0,0
gyk14m1i,116,f8yeic2s,236,design_exp,CognitiveLimitInvestmentPage,1757417699,30,0,0
gyk14m1i,97,ndlwp8yc,163,design_exp,QuestionPage,1757417700,21,0,0
gyk14m1i,129,zpyg4jny,253,design_exp,CognitiveLimitBoxPage,1757417701,32,0,0
gyk14m1i,70,k7x7ijs5,311,design_exp,SurveyPage,1757417703,39,0,0
gyk14m1i,126,2pvgof39,287,design_exp,SurveyPage,1757417703,36,0,0
gyk14m1i,106,g7emliy5,115,design_exp,QuestionPage,1757417706,15,0,0
gyk14m1i,125,w1uij58e,91,design_exp,QuestionPage,1757417706,12,0,0
gyk14m1i,141,zfil9us9,195,design_exp,QuestionPage,1757417707,25,0,0
gyk14m1i,129,zpyg4jny,262,design_exp,CognitiveLimitInsurancePage,1757417707,33,0,0
gyk14m1i,119,pkbhua8j,163,design_exp,QuestionPage,1757417709,21,0,0
gyk14m1i,140,x6qtfaio,244,design_exp,CognitiveLimitInvestmentPage,1757417711,31,0,0
gyk14m1i,123,dzblqzip,262,design_exp,CognitiveLimitInsurancePage,1757417714,33,0,0
gyk14m1i,72,dddjz8c2,262,design_exp,CognitiveLimitInsurancePage,1757417714,33,0,0
gyk14m1i,97,ndlwp8yc,171,design_exp,QuestionPage,1757417716,22,0,0
gyk14m1i,118,8sedb38r,211,design_exp,QuestionPage,1757417717,27,0,0
gyk14m1i,116,f8yeic2s,244,design_exp,CognitiveLimitInvestmentPage,1757417717,31,0,0
gyk14m1i,67,3gmuwl3z,253,design_exp,CognitiveLimitBoxPage,1757417718,32,0,0
gyk14m1i,98,ofqdyk1q,179,design_exp,QuestionPage,1757417718,23,0,0
gyk14m1i,95,f1swkbh4,287,design_exp,SurveyPage,1757417721,36,0,0
gyk14m1i,141,zfil9us9,203,design_exp,QuestionPage,1757417724,26,0,0
gyk14m1i,67,3gmuwl3z,262,design_exp,CognitiveLimitInsurancePage,1757417725,33,0,0
gyk14m1i,90,f2ph7iaf,115,design_exp,QuestionPage,1757417727,15,0,0
gyk14m1i,80,3p54j8xb,262,design_exp,CognitiveLimitInsurancePage,1757417727,33,0,0
gyk14m1i,97,ndlwp8yc,179,design_exp,QuestionPage,1757417728,23,0,0
gyk14m1i,63,wdahmu3p,271,design_exp,SurveyPage,1757417731,34,0,0
gyk14m1i,130,5ucnlqe0,287,design_exp,SurveyPage,1757417732,36,0,0
gyk14m1i,120,045y9tee,287,design_exp,SurveyPage,1757417733,36,0,0
gyk14m1i,134,0gwqalql,163,design_exp,QuestionPage,1757417733,21,0,0
gyk14m1i,86,zcqgfmm2,295,design_exp,SurveyPage,1757417734,37,0,0
gyk14m1i,104,jz3gfzxv,253,design_exp,CognitiveLimitBoxPage,1757417735,32,0,0
gyk14m1i,103,b91oij74,179,design_exp,QuestionPage,1757417735,23,0,0
gyk14m1i,129,zpyg4jny,271,design_exp,SurveyPage,1757417735,34,0,0
gyk14m1i,83,2p9yfdxb,287,design_exp,SurveyPage,1757417736,36,0,0
gyk14m1i,73,3oagklp3,287,design_exp,SurveyPage,1757417740,36,0,0
gyk14m1i,97,ndlwp8yc,187,design_exp,QuestionPage,1757417741,24,0,0
gyk14m1i,102,sfbmn01y,123,design_exp,QuestionPage,1757417742,16,0,0
gyk14m1i,123,dzblqzip,271,design_exp,SurveyPage,1757417742,34,0,0
gyk14m1i,141,zfil9us9,211,design_exp,QuestionPage,1757417743,27,0,0
gyk14m1i,125,w1uij58e,99,design_exp,QuestionPage,1757417748,13,0,0
gyk14m1i,106,g7emliy5,123,design_exp,QuestionPage,1757417750,16,0,0
gyk14m1i,134,0gwqalql,171,design_exp,QuestionPage,1757417752,22,0,0
gyk14m1i,86,zcqgfmm2,303,design_exp,SurveyPage,1757417755,38,0,0
gyk14m1i,63,wdahmu3p,279,design_exp,SurveyPage,1757417757,35,0,0
gyk14m1i,67,3gmuwl3z,271,design_exp,SurveyPage,1757417757,34,0,0
gyk14m1i,97,ndlwp8yc,195,design_exp,QuestionPage,1757417758,25,0,0
gyk14m1i,142,0r3k7uhj,195,design_exp,QuestionPage,1757417758,25,0,0
gyk14m1i,72,dddjz8c2,271,design_exp,SurveyPage,1757417761,34,0,0
gyk14m1i,67,3gmuwl3z,279,design_exp,SurveyPage,1757417761,35,0,0
gyk14m1i,123,dzblqzip,279,design_exp,SurveyPage,1757417761,35,0,0
gyk14m1i,103,b91oij74,187,design_exp,QuestionPage,1757417764,24,0,0
gyk14m1i,141,zfil9us9,220,design_exp,CognitiveLimitInvestmentPage,1757417765,28,0,0
gyk14m1i,70,k7x7ijs5,319,design_exp,SurveyPage,1757417765,40,0,0
gyk14m1i,67,3gmuwl3z,287,design_exp,SurveyPage,1757417765,36,0,0
gyk14m1i,129,zpyg4jny,279,design_exp,SurveyPage,1757417766,35,0,0
gyk14m1i,67,3gmuwl3z,295,design_exp,SurveyPage,1757417768,37,0,0
gyk14m1i,86,zcqgfmm2,311,design_exp,SurveyPage,1757417768,39,0,0
gyk14m1i,80,3p54j8xb,271,design_exp,SurveyPage,1757417769,34,0,0
gyk14m1i,97,ndlwp8yc,203,design_exp,QuestionPage,1757417769,26,0,0
gyk14m1i,67,3gmuwl3z,303,design_exp,SurveyPage,1757417770,38,0,0
gyk14m1i,67,3gmuwl3z,311,design_exp,SurveyPage,1757417772,39,0,0
gyk14m1i,142,0r3k7uhj,203,design_exp,QuestionPage,1757417772,26,0,0
gyk14m1i,149,mbi1ll5s,155,design_exp,QuestionPage,1757417774,20,0,0
gyk14m1i,67,3gmuwl3z,319,design_exp,SurveyPage,1757417774,40,0,0
gyk14m1i,119,pkbhua8j,171,design_exp,QuestionPage,1757417774,22,0,0
gyk14m1i,79,qvpjm66e,253,design_exp,CognitiveLimitBoxPage,1757417775,32,0,0
gyk14m1i,102,sfbmn01y,131,design_exp,QuestionPage,1757417781,17,0,0
gyk14m1i,104,jz3gfzxv,262,design_exp,CognitiveLimitInsurancePage,1757417781,33,0,0
gyk14m1i,72,dddjz8c2,279,design_exp,SurveyPage,1757417782,35,0,0
gyk14m1i,78,861gjeo0,179,design_exp,QuestionPage,1757417783,23,0,0
gyk14m1i,90,f2ph7iaf,123,design_exp,QuestionPage,1757417785,16,0,0
gyk14m1i,126,2pvgof39,295,design_exp,SurveyPage,1757417785,37,0,0
gyk14m1i,111,xk05y1vj,139,design_exp,QuestionPage,1757417787,18,0,0
gyk14m1i,141,zfil9us9,228,design_exp,CognitiveLimitInvestmentPage,1757417787,29,0,0
gyk14m1i,134,0gwqalql,179,design_exp,QuestionPage,1757417789,23,0,0
gyk14m1i,97,ndlwp8yc,211,design_exp,QuestionPage,1757417789,27,0,0
gyk14m1i,102,sfbmn01y,139,design_exp,QuestionPage,1757417791,18,0,0
gyk14m1i,142,0r3k7uhj,211,design_exp,QuestionPage,1757417797,27,0,0
gyk14m1i,95,f1swkbh4,295,design_exp,SurveyPage,1757417800,37,0,0
gyk14m1i,90,f2ph7iaf,131,design_exp,QuestionPage,1757417802,17,0,0
gyk14m1i,136,zmrcmgji,147,design_exp,QuestionPage,1757417803,19,0,0
gyk14m1i,141,zfil9us9,236,design_exp,CognitiveLimitInvestmentPage,1757417805,30,0,0
gyk14m1i,111,xk05y1vj,147,design_exp,QuestionPage,1757417805,19,0,0
gyk14m1i,83,2p9yfdxb,295,design_exp,SurveyPage,1757417806,37,0,0
gyk14m1i,80,3p54j8xb,279,design_exp,SurveyPage,1757417808,35,0,0
gyk14m1i,79,qvpjm66e,262,design_exp,CognitiveLimitInsurancePage,1757417809,33,0,0
gyk14m1i,78,861gjeo0,187,design_exp,QuestionPage,1757417809,24,0,0
gyk14m1i,126,2pvgof39,303,design_exp,SurveyPage,1757417810,38,0,0
gyk14m1i,112,26qqpdoe,163,design_exp,QuestionPage,1757417811,21,0,0
gyk14m1i,90,f2ph7iaf,139,design_exp,QuestionPage,1757417811,18,0,0
gyk14m1i,140,x6qtfaio,253,design_exp,CognitiveLimitBoxPage,1757417811,32,0,0
gyk14m1i,120,045y9tee,295,design_exp,SurveyPage,1757417814,37,0,0
gyk14m1i,86,zcqgfmm2,319,design_exp,SurveyPage,1757417815,40,0,0
gyk14m1i,105,9alruytk,187,design_exp,QuestionPage,1757417820,24,0,0
gyk14m1i,63,wdahmu3p,287,design_exp,SurveyPage,1757417820,36,0,0
gyk14m1i,94,8a70oopu,147,design_exp,QuestionPage,1757417823,19,0,0
gyk14m1i,95,f1swkbh4,303,design_exp,SurveyPage,1757417823,38,0,0
gyk14m1i,141,zfil9us9,244,design_exp,CognitiveLimitInvestmentPage,1757417823,31,0,0
gyk14m1i,105,9alruytk,195,design_exp,QuestionPage,1757417826,25,0,0
gyk14m1i,78,861gjeo0,195,design_exp,QuestionPage,1757417826,25,0,0
gyk14m1i,149,mbi1ll5s,163,design_exp,QuestionPage,1757417828,21,0,0
gyk14m1i,126,2pvgof39,311,design_exp,SurveyPage,1757417831,39,0,0
gyk14m1i,105,9alruytk,203,design_exp,QuestionPage,1757417832,26,0,0
gyk14m1i,134,0gwqalql,187,design_exp,QuestionPage,1757417832,24,0,0
gyk14m1i,90,f2ph7iaf,147,design_exp,QuestionPage,1757417834,19,0,0
gyk14m1i,73,3oagklp3,295,design_exp,SurveyPage,1757417835,37,0,0
gyk14m1i,118,8sedb38r,220,design_exp,CognitiveLimitInvestmentPage,1757417836,28,0,0
gyk14m1i,120,045y9tee,303,design_exp,SurveyPage,1757417837,38,0,0
gyk14m1i,79,qvpjm66e,271,design_exp,SurveyPage,1757417837,34,0,0
gyk14m1i,83,2p9yfdxb,303,design_exp,SurveyPage,1757417837,38,0,0
gyk14m1i,102,sfbmn01y,147,design_exp,QuestionPage,1757417839,19,0,0
gyk14m1i,123,dzblqzip,287,design_exp,SurveyPage,1757417839,36,0,0
gyk14m1i,140,x6qtfaio,262,design_exp,CognitiveLimitInsurancePage,1757417839,33,0,0
gyk14m1i,130,5ucnlqe0,295,design_exp,SurveyPage,1757417840,37,0,0
gyk14m1i,90,f2ph7iaf,155,design_exp,QuestionPage,1757417841,20,0,0
gyk14m1i,105,9alruytk,211,design_exp,QuestionPage,1757417841,27,0,0
gyk14m1i,95,f1swkbh4,311,design_exp,SurveyPage,1757417842,39,0,0
gyk14m1i,78,861gjeo0,203,design_exp,QuestionPage,1757417842,26,0,0
gyk14m1i,94,8a70oopu,155,design_exp,QuestionPage,1757417842,20,0,0
gyk14m1i,103,b91oij74,195,design_exp,QuestionPage,1757417845,25,0,0
gyk14m1i,134,0gwqalql,195,design_exp,QuestionPage,1757417845,25,0,0
gyk14m1i,129,zpyg4jny,287,design_exp,SurveyPage,1757417847,36,0,0
gyk14m1i,90,f2ph7iaf,163,design_exp,QuestionPage,1757417850,21,0,0
gyk14m1i,116,f8yeic2s,253,design_exp,CognitiveLimitBoxPage,1757417850,32,0,0
gyk14m1i,104,jz3gfzxv,271,design_exp,SurveyPage,1757417850,34,0,0
gyk14m1i,94,8a70oopu,163,design_exp,QuestionPage,1757417851,21,0,0
gyk14m1i,125,w1uij58e,107,design_exp,QuestionPage,1757417855,14,0,0
gyk14m1i,72,dddjz8c2,287,design_exp,SurveyPage,1757417855,36,0,0
gyk14m1i,79,qvpjm66e,279,design_exp,SurveyPage,1757417857,35,0,0
gyk14m1i,129,zpyg4jny,295,design_exp,SurveyPage,1757417858,37,0,0
gyk14m1i,94,8a70oopu,171,design_exp,QuestionPage,1757417859,22,0,0
gyk14m1i,120,045y9tee,311,design_exp,SurveyPage,1757417860,39,0,0
gyk14m1i,73,3oagklp3,303,design_exp,SurveyPage,1757417860,38,0,0
gyk14m1i,102,sfbmn01y,155,design_exp,QuestionPage,1757417860,20,0,0
gyk14m1i,112,26qqpdoe,171,design_exp,QuestionPage,1757417861,22,0,0
gyk14m1i,140,x6qtfaio,271,design_exp,SurveyPage,1757417861,34,0,0
gyk14m1i,80,3p54j8xb,287,design_exp,SurveyPage,1757417862,36,0,0
gyk14m1i,136,zmrcmgji,155,design_exp,QuestionPage,1757417863,20,0,0
gyk14m1i,118,8sedb38r,228,design_exp,CognitiveLimitInvestmentPage,1757417863,29,0,0
gyk14m1i,90,f2ph7iaf,171,design_exp,QuestionPage,1757417864,22,0,0
gyk14m1i,134,0gwqalql,203,design_exp,QuestionPage,1757417865,26,0,0
gyk14m1i,129,zpyg4jny,303,design_exp,SurveyPage,1757417867,38,0,0
gyk14m1i,78,861gjeo0,211,design_exp,QuestionPage,1757417869,27,0,0
gyk14m1i,142,0r3k7uhj,220,design_exp,CognitiveLimitInvestmentPage,1757417870,28,0,0
gyk14m1i,97,ndlwp8yc,220,design_exp,CognitiveLimitInvestmentPage,1757417870,28,0,0
gyk14m1i,129,zpyg4jny,311,design_exp,SurveyPage,1757417877,39,0,0
gyk14m1i,149,mbi1ll5s,171,design_exp,QuestionPage,1757417879,22,0,0
gyk14m1i,73,3oagklp3,311,design_exp,SurveyPage,1757417879,39,0,0
gyk14m1i,90,f2ph7iaf,179,design_exp,QuestionPage,1757417879,23,0,0
gyk14m1i,118,8sedb38r,236,design_exp,CognitiveLimitInvestmentPage,1757417880,30,0,0
gyk14m1i,126,2pvgof39,319,design_exp,SurveyPage,1757417883,40,0,0
gyk14m1i,140,x6qtfaio,279,design_exp,SurveyPage,1757417883,35,0,0
gyk14m1i,104,jz3gfzxv,279,design_exp,SurveyPage,1757417885,35,0,0
gyk14m1i,134,0gwqalql,211,design_exp,QuestionPage,1757417886,27,0,0
gyk14m1i,94,8a70oopu,179,design_exp,QuestionPage,1757417888,23,0,0
gyk14m1i,116,f8yeic2s,262,design_exp,CognitiveLimitInsurancePage,1757417888,33,0,0
gyk14m1i,102,sfbmn01y,163,design_exp,QuestionPage,1757417892,21,0,0
gyk14m1i,83,2p9yfdxb,311,design_exp,SurveyPage,1757417894,39,0,0
gyk14m1i,102,sfbmn01y,171,design_exp,QuestionPage,1757417898,22,0,0
gyk14m1i,118,8sedb38r,244,design_exp,CognitiveLimitInvestmentPage,1757417901,31,0,0
gyk14m1i,97,ndlwp8yc,228,design_exp,CognitiveLimitInvestmentPage,1757417903,29,0,0
gyk14m1i,95,f1swkbh4,319,design_exp,SurveyPage,1757417904,40,0,0
gyk14m1i,79,qvpjm66e,287,design_exp,SurveyPage,1757417904,36,0,0
gyk14m1i,94,8a70oopu,187,design_exp,QuestionPage,1757417904,24,0,0
gyk14m1i,103,b91oij74,203,design_exp,QuestionPage,1757417906,26,0,0
gyk14m1i,142,0r3k7uhj,228,design_exp,CognitiveLimitInvestmentPage,1757417907,29,0,0
gyk14m1i,130,5ucnlqe0,303,design_exp,SurveyPage,1757417908,38,0,0
gyk14m1i,136,zmrcmgji,163,design_exp,QuestionPage,1757417912,21,0,0
gyk14m1i,116,f8yeic2s,271,design_exp,SurveyPage,1757417912,34,0,0
gyk14m1i,125,w1uij58e,115,design_exp,QuestionPage,1757417915,15,0,0
gyk14m1i,112,26qqpdoe,179,design_exp,QuestionPage,1757417917,23,0,0
gyk14m1i,102,sfbmn01y,179,design_exp,QuestionPage,1757417921,23,0,0
gyk14m1i,97,ndlwp8yc,236,design_exp,CognitiveLimitInvestmentPage,1757417922,30,0,0
gyk14m1i,105,9alruytk,220,design_exp,CognitiveLimitInvestmentPage,1757417923,28,0,0
gyk14m1i,130,5ucnlqe0,311,design_exp,SurveyPage,1757417926,39,0,0
gyk14m1i,82,a13spce8,195,design_exp,QuestionPage,1757417927,25,0,0
gyk14m1i,123,dzblqzip,295,design_exp,SurveyPage,1757417927,37,0,0
gyk14m1i,129,zpyg4jny,319,design_exp,SurveyPage,1757417931,40,0,0
gyk14m1i,116,f8yeic2s,279,design_exp,SurveyPage,1757417931,35,0,0
gyk14m1i,82,a13spce8,203,design_exp,QuestionPage,1757417932,26,0,0
gyk14m1i,142,0r3k7uhj,236,design_exp,CognitiveLimitInvestmentPage,1757417933,30,0,0
gyk14m1i,123,dzblqzip,303,design_exp,SurveyPage,1757417939,38,0,0
gyk14m1i,97,ndlwp8yc,244,design_exp,CognitiveLimitInvestmentPage,1757417939,31,0,0
gyk14m1i,136,zmrcmgji,171,design_exp,QuestionPage,1757417939,22,0,0
gyk14m1i,82,a13spce8,211,design_exp,QuestionPage,1757417940,27,0,0
gyk14m1i,83,2p9yfdxb,319,design_exp,SurveyPage,1757417941,40,0,0
gyk14m1i,78,861gjeo0,220,design_exp,CognitiveLimitInvestmentPage,1757417944,28,0,0
gyk14m1i,120,045y9tee,319,design_exp,SurveyPage,1757417944,40,0,0
gyk14m1i,72,dddjz8c2,295,design_exp,SurveyPage,1757417944,37,0,0
gyk14m1i,139,39a3sfxm,195,design_exp,QuestionPage,1757417946,25,0,0
gyk14m1i,104,jz3gfzxv,287,design_exp,SurveyPage,1757417947,36,0,0
gyk14m1i,112,26qqpdoe,187,design_exp,QuestionPage,1757417947,24,0,0
gyk14m1i,90,f2ph7iaf,187,design_exp,QuestionPage,1757417948,24,0,0
gyk14m1i,123,dzblqzip,311,design_exp,SurveyPage,1757417950,39,0,0
gyk14m1i,102,sfbmn01y,187,design_exp,QuestionPage,1757417953,24,0,0
gyk14m1i,103,b91oij74,211,design_exp,QuestionPage,1757417956,27,0,0
gyk14m1i,139,39a3sfxm,203,design_exp,QuestionPage,1757417956,26,0,0
gyk14m1i,63,wdahmu3p,295,design_exp,SurveyPage,1757417957,37,0,0
gyk14m1i,78,861gjeo0,228,design_exp,CognitiveLimitInvestmentPage,1757417959,29,0,0
gyk14m1i,136,zmrcmgji,179,design_exp,QuestionPage,1757417960,23,0,0
gyk14m1i,142,0r3k7uhj,244,design_exp,CognitiveLimitInvestmentPage,1757417960,31,0,0
gyk14m1i,112,26qqpdoe,195,design_exp,QuestionPage,1757417961,25,0,0
gyk14m1i,141,zfil9us9,253,design_exp,CognitiveLimitBoxPage,1757417961,32,0,0
gyk14m1i,105,9alruytk,228,design_exp,CognitiveLimitInvestmentPage,1757417962,29,0,0
gyk14m1i,94,8a70oopu,195,design_exp,QuestionPage,1757417962,25,0,0
gyk14m1i,140,x6qtfaio,287,design_exp,SurveyPage,1757417963,36,0,0
gyk14m1i,130,5ucnlqe0,319,design_exp,SurveyPage,1757417965,40,0,0
gyk14m1i,78,861gjeo0,236,design_exp,CognitiveLimitInvestmentPage,1757417966,30,0,0
gyk14m1i,134,0gwqalql,220,design_exp,CognitiveLimitInvestmentPage,1757417966,28,0,0
gyk14m1i,82,a13spce8,220,design_exp,CognitiveLimitInvestmentPage,1757417967,28,0,0
gyk14m1i,72,dddjz8c2,303,design_exp,SurveyPage,1757417968,38,0,0
gyk14m1i,78,861gjeo0,244,design_exp,CognitiveLimitInvestmentPage,1757417976,31,0,0
gyk14m1i,136,zmrcmgji,187,design_exp,QuestionPage,1757417976,24,0,0
gyk14m1i,134,0gwqalql,228,design_exp,CognitiveLimitInvestmentPage,1757417977,29,0,0
gyk14m1i,125,w1uij58e,123,design_exp,QuestionPage,1757417977,16,0,0
gyk14m1i,139,39a3sfxm,211,design_exp,QuestionPage,1757417979,27,0,0
gyk14m1i,94,8a70oopu,203,design_exp,QuestionPage,1757417980,26,0,0
gyk14m1i,82,a13spce8,228,design_exp,CognitiveLimitInvestmentPage,1757417980,29,0,0
gyk14m1i,63,wdahmu3p,303,design_exp,SurveyPage,1757417980,38,0,0
gyk14m1i,90,f2ph7iaf,195,design_exp,QuestionPage,1757417983,25,0,0
gyk14m1i,134,0gwqalql,236,design_exp,CognitiveLimitInvestmentPage,1757417984,30,0,0
gyk14m1i,73,3oagklp3,319,design_exp,SurveyPage,1757417985,40,0,0
gyk14m1i,116,f8yeic2s,287,design_exp,SurveyPage,1757417986,36,0,0
gyk14m1i,82,a13spce8,236,design_exp,CognitiveLimitInvestmentPage,1757417986,30,0,0
gyk14m1i,149,mbi1ll5s,179,design_exp,QuestionPage,1757417987,23,0,0
gyk14m1i,72,dddjz8c2,311,design_exp,SurveyPage,1757417987,39,0,0
gyk14m1i,134,0gwqalql,244,design_exp,CognitiveLimitInvestmentPage,1757417992,31,0,0
gyk14m1i,82,a13spce8,244,design_exp,CognitiveLimitInvestmentPage,1757417993,31,0,0
gyk14m1i,79,qvpjm66e,295,design_exp,SurveyPage,1757417997,37,0,0
gyk14m1i,105,9alruytk,236,design_exp,CognitiveLimitInvestmentPage,1757417997,30,0,0
gyk14m1i,94,8a70oopu,211,design_exp,QuestionPage,1757417997,27,0,0
gyk14m1i,63,wdahmu3p,311,design_exp,SurveyPage,1757417998,39,0,0
gyk14m1i,123,dzblqzip,319,design_exp,SurveyPage,1757418002,40,0,0
gyk14m1i,125,w1uij58e,131,design_exp,QuestionPage,1757418006,17,0,0
gyk14m1i,149,mbi1ll5s,187,design_exp,QuestionPage,1757418008,24,0,0
gyk14m1i,112,26qqpdoe,203,design_exp,QuestionPage,1757418012,26,0,0
gyk14m1i,141,zfil9us9,262,design_exp,CognitiveLimitInsurancePage,1757418012,33,0,0
gyk14m1i,90,f2ph7iaf,203,design_exp,QuestionPage,1757418013,26,0,0
gyk14m1i,79,qvpjm66e,303,design_exp,SurveyPage,1757418017,38,0,0
gyk14m1i,149,mbi1ll5s,195,design_exp,QuestionPage,1757418018,25,0,0
gyk14m1i,105,9alruytk,244,design_exp,CognitiveLimitInvestmentPage,1757418026,31,0,0
gyk14m1i,90,f2ph7iaf,211,design_exp,QuestionPage,1757418029,27,0,0
gyk14m1i,97,ndlwp8yc,253,design_exp,CognitiveLimitBoxPage,1757418030,32,0,0
gyk14m1i,79,qvpjm66e,311,design_exp,SurveyPage,1757418033,39,0,0
gyk14m1i,103,b91oij74,220,design_exp,CognitiveLimitInvestmentPage,1757418039,28,0,0
gyk14m1i,149,mbi1ll5s,203,design_exp,QuestionPage,1757418040,26,0,0
gyk14m1i,72,dddjz8c2,319,design_exp,SurveyPage,1757418052,40,0,0
gyk14m1i,125,w1uij58e,139,design_exp,QuestionPage,1757418059,18,0,0
gyk14m1i,139,39a3sfxm,220,design_exp,CognitiveLimitInvestmentPage,1757418060,28,0,0
gyk14m1i,80,3p54j8xb,295,design_exp,SurveyPage,1757418066,37,0,0
gyk14m1i,82,a13spce8,253,design_exp,CognitiveLimitBoxPage,1757418066,32,0,0
gyk14m1i,90,f2ph7iaf,220,design_exp,CognitiveLimitInvestmentPage,1757418066,28,0,0
gyk14m1i,63,wdahmu3p,319,design_exp,SurveyPage,1757418066,40,0,0
gyk14m1i,118,8sedb38r,253,design_exp,CognitiveLimitBoxPage,1757418068,32,0,0
gyk14m1i,97,ndlwp8yc,262,design_exp,CognitiveLimitInsurancePage,1757418069,33,0,0
gyk14m1i,140,x6qtfaio,295,design_exp,SurveyPage,1757418070,37,0,0
gyk14m1i,134,0gwqalql,253,design_exp,CognitiveLimitBoxPage,1757418071,32,0,0
gyk14m1i,80,3p54j8xb,303,design_exp,SurveyPage,1757418074,38,0,0
gyk14m1i,103,b91oij74,228,design_exp,CognitiveLimitInvestmentPage,1757418077,29,0,0
gyk14m1i,116,f8yeic2s,295,design_exp,SurveyPage,1757418078,37,0,0
gyk14m1i,139,39a3sfxm,228,design_exp,CognitiveLimitInvestmentPage,1757418081,29,0,0
gyk14m1i,104,jz3gfzxv,295,design_exp,SurveyPage,1757418082,37,0,0
gyk14m1i,90,f2ph7iaf,228,design_exp,CognitiveLimitInvestmentPage,1757418082,29,0,0
gyk14m1i,82,a13spce8,262,design_exp,CognitiveLimitInsurancePage,1757418084,33,0,0
gyk14m1i,103,b91oij74,236,design_exp,CognitiveLimitInvestmentPage,1757418085,30,0,0
gyk14m1i,149,mbi1ll5s,211,design_exp,QuestionPage,1757418086,27,0,0
gyk14m1i,103,b91oij74,244,design_exp,CognitiveLimitInvestmentPage,1757418090,31,0,0
gyk14m1i,80,3p54j8xb,311,design_exp,SurveyPage,1757418094,39,0,0
gyk14m1i,90,f2ph7iaf,236,design_exp,CognitiveLimitInvestmentPage,1757418097,30,0,0
gyk14m1i,125,w1uij58e,147,design_exp,QuestionPage,1757418097,19,0,0
gyk14m1i,94,8a70oopu,220,design_exp,CognitiveLimitInvestmentPage,1757418097,28,0,0
gyk14m1i,139,39a3sfxm,236,design_exp,CognitiveLimitInvestmentPage,1757418099,30,0,0
gyk14m1i,147,gxg5zpog,123,design_exp,QuestionPage,1757418102,16,0,0
gyk14m1i,116,f8yeic2s,303,design_exp,SurveyPage,1757418103,38,0,0
gyk14m1i,97,ndlwp8yc,271,design_exp,SurveyPage,1757418104,34,0,0
gyk14m1i,141,zfil9us9,271,design_exp,SurveyPage,1757418107,34,0,0
gyk14m1i,90,f2ph7iaf,244,design_exp,CognitiveLimitInvestmentPage,1757418108,31,0,0
gyk14m1i,105,9alruytk,253,design_exp,CognitiveLimitBoxPage,1757418111,32,0,0
gyk14m1i,140,x6qtfaio,303,design_exp,SurveyPage,1757418112,38,0,0
gyk14m1i,94,8a70oopu,228,design_exp,CognitiveLimitInvestmentPage,1757418112,29,0,0
gyk14m1i,139,39a3sfxm,244,design_exp,CognitiveLimitInvestmentPage,1757418112,31,0,0
gyk14m1i,125,w1uij58e,155,design_exp,QuestionPage,1757418113,20,0,0
gyk14m1i,104,jz3gfzxv,303,design_exp,SurveyPage,1757418115,38,0,0
gyk14m1i,78,861gjeo0,253,design_exp,CognitiveLimitBoxPage,1757418119,32,0,0
gyk14m1i,82,a13spce8,271,design_exp,SurveyPage,1757418120,34,0,0
gyk14m1i,116,f8yeic2s,311,design_exp,SurveyPage,1757418124,39,0,0
gyk14m1i,136,zmrcmgji,195,design_exp,QuestionPage,1757418129,25,0,0
gyk14m1i,140,x6qtfaio,311,design_exp,SurveyPage,1757418130,39,0,0
gyk14m1i,149,mbi1ll5s,220,design_exp,CognitiveLimitInvestmentPage,1757418132,28,0,0
gyk14m1i,125,w1uij58e,163,design_exp,QuestionPage,1757418133,21,0,0
gyk14m1i,142,0r3k7uhj,253,design_exp,CognitiveLimitBoxPage,1757418133,32,0,0
gyk14m1i,79,qvpjm66e,319,design_exp,SurveyPage,1757418135,40,0,0
gyk14m1i,97,ndlwp8yc,279,design_exp,SurveyPage,1757418138,35,0,0
gyk14m1i,80,3p54j8xb,319,design_exp,SurveyPage,1757418139,40,0,0
gyk14m1i,147,gxg5zpog,131,design_exp,QuestionPage,1757418139,17,0,0
gyk14m1i,104,jz3gfzxv,311,design_exp,SurveyPage,1757418140,39,0,0
gyk14m1i,82,a13spce8,279,design_exp,SurveyPage,1757418142,35,0,0
gyk14m1i,103,b91oij74,253,design_exp,CognitiveLimitBoxPage,1757418145,32,0,0
gyk14m1i,141,zfil9us9,279,design_exp,SurveyPage,1757418147,35,0,0
gyk14m1i,134,0gwqalql,262,design_exp,CognitiveLimitInsurancePage,1757418148,33,0,0
gyk14m1i,94,8a70oopu,236,design_exp,CognitiveLimitInvestmentPage,1757418150,30,0,0
gyk14m1i,125,w1uij58e,171,design_exp,QuestionPage,1757418151,22,0,0
gyk14m1i,136,zmrcmgji,203,design_exp,QuestionPage,1757418153,26,0,0
gyk14m1i,105,9alruytk,262,design_exp,CognitiveLimitInsurancePage,1757418168,33,0,0
gyk14m1i,142,0r3k7uhj,262,design_exp,CognitiveLimitInsurancePage,1757418169,33,0,0
gyk14m1i,147,gxg5zpog,139,design_exp,QuestionPage,1757418171,18,0,0
gyk14m1i,140,x6qtfaio,319,design_exp,SurveyPage,1757418171,40,0,0
gyk14m1i,78,861gjeo0,262,design_exp,CognitiveLimitInsurancePage,1757418179,33,0,0
gyk14m1i,82,a13spce8,287,design_exp,SurveyPage,1757418180,36,0,0
gyk14m1i,136,zmrcmgji,211,design_exp,QuestionPage,1757418187,27,0,0
gyk14m1i,149,mbi1ll5s,228,design_exp,CognitiveLimitInvestmentPage,1757418188,29,0,0
gyk14m1i,94,8a70oopu,244,design_exp,CognitiveLimitInvestmentPage,1757418192,31,0,0
gyk14m1i,125,w1uij58e,179,design_exp,QuestionPage,1757418194,23,0,0
gyk14m1i,142,0r3k7uhj,271,design_exp,SurveyPage,1757418197,34,0,0
gyk14m1i,118,8sedb38r,262,design_exp,CognitiveLimitInsurancePage,1757418199,33,0,0
gyk14m1i,97,ndlwp8yc,287,design_exp,SurveyPage,1757418199,36,0,0
gyk14m1i,116,f8yeic2s,319,design_exp,SurveyPage,1757418202,40,0,0
gyk14m1i,104,jz3gfzxv,319,design_exp,SurveyPage,1757418208,40,0,0
gyk14m1i,105,9alruytk,271,design_exp,SurveyPage,1757418215,34,0,0
gyk14m1i,78,861gjeo0,271,design_exp,SurveyPage,1757418219,34,0,0
gyk14m1i,149,mbi1ll5s,236,design_exp,CognitiveLimitInvestmentPage,1757418219,30,0,0
gyk14m1i,147,gxg5zpog,147,design_exp,QuestionPage,1757418220,19,0,0
gyk14m1i,141,zfil9us9,287,design_exp,SurveyPage,1757418222,36,0,0
gyk14m1i,78,861gjeo0,279,design_exp,SurveyPage,1757418226,35,0,0
gyk14m1i,142,0r3k7uhj,279,design_exp,SurveyPage,1757418230,35,0,0
gyk14m1i,103,b91oij74,262,design_exp,CognitiveLimitInsurancePage,1757418231,33,0,0
gyk14m1i,139,39a3sfxm,253,design_exp,CognitiveLimitBoxPage,1757418234,32,0,0
gyk14m1i,136,zmrcmgji,220,design_exp,CognitiveLimitInvestmentPage,1757418237,28,0,0
gyk14m1i,90,f2ph7iaf,253,design_exp,CognitiveLimitBoxPage,1757418241,32,0,0
gyk14m1i,82,a13spce8,295,design_exp,SurveyPage,1757418241,37,0,0
gyk14m1i,125,w1uij58e,187,design_exp,QuestionPage,1757418244,24,0,0
gyk14m1i,136,zmrcmgji,228,design_exp,CognitiveLimitInvestmentPage,1757418250,29,0,0
gyk14m1i,118,8sedb38r,271,design_exp,SurveyPage,1757418250,34,0,0
gyk14m1i,105,9alruytk,279,design_exp,SurveyPage,1757418251,35,0,0
gyk14m1i,82,a13spce8,303,design_exp,SurveyPage,1757418254,38,0,0
gyk14m1i,149,mbi1ll5s,244,design_exp,CognitiveLimitInvestmentPage,1757418259,31,0,0
gyk14m1i,147,gxg5zpog,155,design_exp,QuestionPage,1757418269,20,0,0
gyk14m1i,90,f2ph7iaf,262,design_exp,CognitiveLimitInsurancePage,1757418273,33,0,0
gyk14m1i,136,zmrcmgji,236,design_exp,CognitiveLimitInvestmentPage,1757418280,30,0,0
gyk14m1i,118,8sedb38r,279,design_exp,SurveyPage,1757418281,35,0,0
gyk14m1i,82,a13spce8,311,design_exp,SurveyPage,1757418281,39,0,0
gyk14m1i,147,gxg5zpog,163,design_exp,QuestionPage,1757418281,21,0,0
gyk14m1i,78,861gjeo0,287,design_exp,SurveyPage,1757418290,36,0,0
gyk14m1i,105,9alruytk,287,design_exp,SurveyPage,1757418290,36,0,0
gyk14m1i,139,39a3sfxm,262,design_exp,CognitiveLimitInsurancePage,1757418300,33,0,0
gyk14m1i,136,zmrcmgji,244,design_exp,CognitiveLimitInvestmentPage,1757418301,31,0,0
gyk14m1i,94,8a70oopu,253,design_exp,CognitiveLimitBoxPage,1757418305,32,0,0
gyk14m1i,82,a13spce8,319,design_exp,SurveyPage,1757418306,40,0,0
gyk14m1i,142,0r3k7uhj,287,design_exp,SurveyPage,1757418306,36,0,0
gyk14m1i,147,gxg5zpog,171,design_exp,QuestionPage,1757418322,22,0,0
gyk14m1i,97,ndlwp8yc,295,design_exp,SurveyPage,1757418327,37,0,0
gyk14m1i,139,39a3sfxm,271,design_exp,SurveyPage,1757418336,34,0,0
gyk14m1i,90,f2ph7iaf,271,design_exp,SurveyPage,1757418337,34,0,0
gyk14m1i,112,26qqpdoe,211,design_exp,QuestionPage,1757418337,27,0,0
gyk14m1i,103,b91oij74,271,design_exp,SurveyPage,1757418345,34,0,0
gyk14m1i,134,0gwqalql,271,design_exp,SurveyPage,1757418352,34,0,0
gyk14m1i,90,f2ph7iaf,279,design_exp,SurveyPage,1757418364,35,0,0
gyk14m1i,94,8a70oopu,262,design_exp,CognitiveLimitInsurancePage,1757418365,33,0,0
gyk14m1i,118,8sedb38r,287,design_exp,SurveyPage,1757418365,36,0,0
gyk14m1i,141,zfil9us9,295,design_exp,SurveyPage,1757418371,37,0,0
gyk14m1i,103,b91oij74,279,design_exp,SurveyPage,1757418375,35,0,0
gyk14m1i,139,39a3sfxm,279,design_exp,SurveyPage,1757418393,35,0,0
gyk14m1i,141,zfil9us9,303,design_exp,SurveyPage,1757418396,38,0,0
gyk14m1i,94,8a70oopu,271,design_exp,SurveyPage,1757418418,34,0,0
gyk14m1i,141,zfil9us9,311,design_exp,SurveyPage,1757418423,39,0,0
gyk14m1i,139,39a3sfxm,287,design_exp,SurveyPage,1757418462,36,0,0
gyk14m1i,139,39a3sfxm,295,design_exp,SurveyPage,1757418604,37,0,0
gyk14m1i,141,zfil9us9,319,design_exp,SurveyPage,1757418622,40,0,0
gyk14m1i,139,39a3sfxm,303,design_exp,SurveyPage,1757418628,38,0,0
gyk14m1i,139,39a3sfxm,311,design_exp,SurveyPage,1757418694,39,0,0
gyk14m1i,90,f2ph7iaf,287,design_exp,SurveyPage,1757418712,36,0,0
gyk14m1i,139,39a3sfxm,319,design_exp,SurveyPage,1757418791,40,0,0
gyk14m1i,112,26qqpdoe,220,design_exp,CognitiveLimitInvestmentPage,1757418971,28,0,0
gyk14m1i,134,0gwqalql,279,design_exp,SurveyPage,1757419199,35,0,0
gyk14m1i,142,0r3k7uhj,295,design_exp,SurveyPage,1757419416,37,0,0
gyk14m1i,142,0r3k7uhj,303,design_exp,SurveyPage,1757419457,38,0,0
gyk14m1i,112,26qqpdoe,228,design_exp,CognitiveLimitInvestmentPage,1757419488,29,0,0
gyk14m1i,142,0r3k7uhj,311,design_exp,SurveyPage,1757419496,39,0,0
gyk14m1i,112,26qqpdoe,236,design_exp,CognitiveLimitInvestmentPage,1757419532,30,0,0
gyk14m1i,112,26qqpdoe,244,design_exp,CognitiveLimitInvestmentPage,1757419594,31,0,0
gyk14m1i,142,0r3k7uhj,319,design_exp,SurveyPage,1757419618,40,0,0
gyk14m1i,112,26qqpdoe,253,design_exp,CognitiveLimitBoxPage,1757419809,32,0,0
gyk14m1i,112,26qqpdoe,262,design_exp,CognitiveLimitInsurancePage,1757419840,33,0,0
gyk14m1i,105,9alruytk,295,design_exp,SurveyPage,1757420089,37,0,0
gyk14m1i,105,9alruytk,303,design_exp,SurveyPage,1757420116,38,0,0
gyk14m1i,105,9alruytk,311,design_exp,SurveyPage,1757420137,39,0,0
gyk14m1i,105,9alruytk,319,design_exp,SurveyPage,1757420185,40,0,0
gyk14m1i,134,0gwqalql,287,design_exp,SurveyPage,1757420733,36,0,0
gyk14m1i,118,8sedb38r,295,design_exp,SurveyPage,1757421937,37,0,0
gyk14m1i,118,8sedb38r,303,design_exp,SurveyPage,1757421951,38,0,0
gyk14m1i,118,8sedb38r,311,design_exp,SurveyPage,1757421962,39,0,0
gyk14m1i,118,8sedb38r,319,design_exp,SurveyPage,1757422064,40,0,0
gyk14m1i,134,0gwqalql,295,design_exp,SurveyPage,1757422293,37,0,0
gyk14m1i,134,0gwqalql,303,design_exp,SurveyPage,1757422362,38,0,0
gyk14m1i,134,0gwqalql,311,design_exp,SurveyPage,1757422394,39,0,0
gyk14m1i,134,0gwqalql,319,design_exp,SurveyPage,1757422610,40,0,0
gyk14m1i,148,0tpl9jgb,59,design_exp,QuestionPage,1757423210,8,0,0
gyk14m1i,148,0tpl9jgb,67,design_exp,QuestionPage,1757423270,9,0,0
gyk14m1i,148,0tpl9jgb,75,design_exp,QuestionPage,1757423316,10,0,0
gyk14m1i,148,0tpl9jgb,83,design_exp,QuestionPage,1757423331,11,0,0
gyk14m1i,148,0tpl9jgb,91,design_exp,QuestionPage,1757423344,12,0,0
gyk14m1i,148,0tpl9jgb,99,design_exp,QuestionPage,1757423361,13,0,0
gyk14m1i,148,0tpl9jgb,107,design_exp,QuestionPage,1757423383,14,0,0
gyk14m1i,148,0tpl9jgb,115,design_exp,QuestionPage,1757423417,15,0,0
gyk14m1i,148,0tpl9jgb,123,design_exp,QuestionPage,1757423494,16,0,0
gyk14m1i,148,0tpl9jgb,131,design_exp,QuestionPage,1757423538,17,0,0
gyk14m1i,148,0tpl9jgb,139,design_exp,QuestionPage,1757423570,18,0,0
gyk14m1i,78,861gjeo0,295,design_exp,SurveyPage,1757424121,37,0,0
gyk14m1i,78,861gjeo0,303,design_exp,SurveyPage,1757424144,38,0,0
gyk14m1i,78,861gjeo0,311,design_exp,SurveyPage,1757424162,39,0,0
gyk14m1i,78,861gjeo0,319,design_exp,SurveyPage,1757424230,40,0,0
gyk14m1i,148,0tpl9jgb,147,design_exp,QuestionPage,1757424395,19,0,0
